Participants,Age,Sexe,isMusician,Modalite,Question,Item,Filename,Musician,Express,Social,Zoom,Intensity,Authenticity,Nostalgie,Tristesse,Joie,Transcendance,Tension,Emerveillement,Serenite,Tendresse,Pouvoir,Tete,Buste,BrasDroit,BrasGauche,Hanche,Jambes,Corps
ahpqcfka_1401789286,22,woman,melo,2,2,1,2_1_2_1,Ca,met,nat,zoom1,58,42,88,55,11,64,77,9,9,62,66,6,0,8,1,0,3,6
ahpqcfka_1401789286,22,woman,melo,2,2,2,2_3_1_1,Ca,emph,abs,zoom1,67,69,54,22,67,67,54,65,11,75,60,6,0,8,1,0,3,6
ahpqcfka_1401789286,22,woman,melo,2,2,3,2_2_1_1,Ca,conc,abs,zoom1,70,64,13,74,15,25,65,30,0,80,33,6,0,8,1,0,3,6
ahpqcfka_1401789286,22,woman,melo,2,2,4,4_2_2_1,St,conc,nat,zoom1,82,84,84,84,14,82,29,82,84,80,38,6,0,8,1,0,3,6
ahpqcfka_1401789286,22,woman,melo,2,2,5,4_2_1_1,St,conc,abs,zoom1,84,86,57,86,24,86,78,64,15,81,71,6,0,8,1,0,3,6
ahpqcfka_1401789286,22,woman,melo,2,2,6,1_1_2_1,As,met,nat,zoom1,76,72,17,25,82,76,69,63,16,25,79,6,0,8,1,0,3,6
ahpqcfka_1401789286,22,woman,melo,2,2,7,2_2_2_2,Ca,conc,nat,zoom2,67,76,27,78,13,54,82,34,23,77,41,6,0,8,1,0,3,6
ahpqcfka_1401789286,22,woman,melo,2,2,8,3_1_2_2,He,met,nat,zoom2,85,72,80,83,67,81,66,75,13,36,70,6,0,8,1,0,3,6
ahpqcfka_1401789286,22,woman,melo,2,2,9,4_3_2_1,St,emph,nat,zoom1,75,74,77,84,63,73,83,74,33,78,75,6,0,8,1,0,3,6
ahpqcfka_1401789286,22,woman,melo,2,2,10,2_1_1_1,Ca,met,abs,zoom1,57,72,20,89,28,30,87,71,23,83,17,6,0,8,1,0,3,6
ahpqcfka_1401789286,22,woman,melo,2,2,12,1_2_2_1,As,conc,nat,zoom1,81,84,77,77,77,75,84,55,74,90,72,6,0,8,1,0,3,6
ahpqcfka_1401789286,22,woman,melo,2,2,13,1_3_1_1,As,emph,abs,zoom1,69,68,73,82,29,72,80,61,10,68,52,6,0,8,1,0,3,6
ahpqcfka_1401789286,22,woman,melo,2,2,14,4_3_1_1,St,emph,abs,zoom1,82,87,18,85,20,85,56,82,77,85,59,6,0,8,1,0,3,6
ahpqcfka_1401789286,22,woman,melo,2,2,15,1_1_1_1,As,met,abs,zoom1,70,59,19,24,57,28,91,31,18,23,45,6,0,8,1,0,3,6
ahpqcfka_1401789286,22,woman,melo,2,2,16,1_3_2_1,As,emph,nat,zoom1,70,64,69,68,16,36,83,52,19,71,71,6,0,8,1,0,3,6
ahpqcfka_1401789286,22,woman,melo,2,2,17,3_2_2_2,He,conc,nat,zoom2,63,60,19,20,81,82,38,78,81,83,51,6,0,8,1,0,3,6
ahpqcfka_1401789286,22,woman,melo,2,2,18,2_3_2_1,Ca,emph,nat,zoom1,79,70,76,16,72,73,68,74,39,29,51,6,0,8,1,0,3,6
ahpqcfka_1401789286,22,woman,melo,2,2,19,3_3_2_1,He,emph,nat,zoom1,76,78,66,70,15,71,70,66,34,34,59,6,0,8,1,0,3,6
ahpqcfka_1401789286,22,woman,melo,2,2,20,4_1_2_1,St,met,nat,zoom1,51,56,69,26,79,75,82,37,70,36,65,6,0,8,1,0,3,6
ahpqcfka_1401789286,22,woman,melo,2,2,21,3_2_1_2,He,conc,abs,zoom2,61,63,11,19,78,27,69,15,78,80,57,6,0,8,1,0,3,6
ahpqcfka_1401789286,22,woman,melo,2,2,22,1_2_1_1,As,conc,abs,zoom1,68,56,62,53,65,63,83,15,18,43,31,6,0,8,1,0,3,6
ahpqcfka_1401789286,22,woman,melo,2,2,23,3_1_1_1,He,met,abs,zoom1,72,68,69,70,76,62,83,67,18,78,64,6,0,8,1,0,3,6
ahpqcfka_1401789286,22,woman,melo,2,2,24,3_3_1_2,He,emph,abs,zoom2,94,74,70,36,85,84,81,73,7,40,74,6,0,8,1,0,3,6
ajxaezyv_1401371286,29,man,mus,2,2,1,2_1_2_1,Ca,met,nat,zoom1,8,0,6,11,0,0,4,0,0,0,6,5,2,0,1,2,0,2
ajxaezyv_1401371286,29,man,mus,2,2,2,2_3_1_1,Ca,emph,abs,zoom1,68,49,27,32,0,9,29,0,0,6,22,5,2,0,1,2,0,2
ajxaezyv_1401371286,29,man,mus,2,2,3,2_2_1_1,Ca,conc,abs,zoom1,72,81,61,53,0,0,35,0,0,42,0,5,2,0,1,2,0,2
ajxaezyv_1401371286,29,man,mus,2,2,4,4_2_2_1,St,conc,nat,zoom1,58,46,41,38,0,0,13,0,0,38,0,5,2,0,1,2,0,2
ajxaezyv_1401371286,29,man,mus,2,2,5,4_2_1_1,St,conc,abs,zoom1,39,42,29,33,0,0,14,0,0,30,0,5,2,0,1,2,0,2
ajxaezyv_1401371286,29,man,mus,2,2,6,1_1_2_1,As,met,nat,zoom1,28,37,31,33,0,0,12,0,0,23,0,5,2,0,1,2,0,2
ajxaezyv_1401371286,29,man,mus,2,2,7,2_2_2_2,Ca,conc,nat,zoom2,52,65,38,31,0,0,9,0,5,20,0,5,2,0,1,2,0,2
ajxaezyv_1401371286,29,man,mus,2,2,8,3_1_2_2,He,met,nat,zoom2,24,17,18,23,0,0,8,0,0,8,0,5,2,0,1,2,0,2
ajxaezyv_1401371286,29,man,mus,2,2,9,4_3_2_1,St,emph,nat,zoom1,63,84,54,42,0,11,0,0,18,34,0,5,2,0,1,2,0,2
ajxaezyv_1401371286,29,man,mus,2,2,10,2_1_1_1,Ca,met,abs,zoom1,17,12,15,20,0,0,7,0,0,0,0,5,2,0,1,2,0,2
ajxaezyv_1401371286,29,man,mus,2,2,11,4_1_1_1,St,met,abs,zoom1,6,8,5,10,0,0,0,0,0,0,0,5,2,0,1,2,0,2
ajxaezyv_1401371286,29,man,mus,2,2,12,1_2_2_1,As,conc,nat,zoom1,69,76,32,26,0,7,5,0,0,26,0,5,2,0,1,2,0,2
ajxaezyv_1401371286,29,man,mus,2,2,13,1_3_1_1,As,emph,abs,zoom1,60,65,24,28,0,0,18,0,6,20,0,5,2,0,1,2,0,2
ajxaezyv_1401371286,29,man,mus,2,2,14,4_3_1_1,St,emph,abs,zoom1,72,81,37,25,0,8,5,0,19,26,0,5,2,0,1,2,0,2
ajxaezyv_1401371286,29,man,mus,2,2,15,1_1_1_1,As,met,abs,zoom1,37,33,16,21,0,0,7,0,5,7,0,5,2,0,1,2,0,2
ajxaezyv_1401371286,29,man,mus,2,2,16,1_3_2_1,As,emph,nat,zoom1,43,31,16,19,0,0,0,0,0,7,0,5,2,0,1,2,0,2
ajxaezyv_1401371286,29,man,mus,2,2,17,3_2_2_2,He,conc,nat,zoom2,80,80,39,25,0,0,9,0,15,24,0,5,2,0,1,2,0,2
ajxaezyv_1401371286,29,man,mus,2,2,18,2_3_2_1,Ca,emph,nat,zoom1,30,40,11,8,0,0,3,0,5,2,0,5,2,0,1,2,0,2
ajxaezyv_1401371286,29,man,mus,2,2,19,3_3_2_1,He,emph,nat,zoom1,19,26,13,17,0,0,0,0,0,3,0,5,2,0,1,2,0,2
ajxaezyv_1401371286,29,man,mus,2,2,20,4_1_2_1,St,met,nat,zoom1,16,7,4,9,0,0,0,0,0,0,0,5,2,0,1,2,0,2
ajxaezyv_1401371286,29,man,mus,2,2,21,3_2_1_2,He,conc,abs,zoom2,16,9,5,9,0,0,0,0,0,2,0,5,2,0,1,2,0,2
ajxaezyv_1401371286,29,man,mus,2,2,22,1_2_1_1,As,conc,abs,zoom1,43,49,24,30,0,0,0,0,0,8,0,5,2,0,1,2,0,2
ajxaezyv_1401371286,29,man,mus,2,2,23,3_1_1_1,He,met,abs,zoom1,36,25,7,9,0,0,0,0,0,2,0,5,2,0,1,2,0,2
ajxaezyv_1401371286,29,man,mus,2,2,24,3_3_1_2,He,emph,abs,zoom2,24,46,15,12,0,0,0,0,6,8,0,5,2,0,1,2,0,2
anoufimi_1401453565,27,woman,melo,2,2,1,2_1_2_1,Ca,met,nat,zoom1,56,42,19,12,28,39,12,16,57,49,10,4,0,0,3,0,1,1
anoufimi_1401453565,27,woman,melo,2,2,2,2_3_1_1,Ca,emph,abs,zoom1,48,27,13,16,20,23,11,12,35,34,15,4,0,0,3,0,1,1
anoufimi_1401453565,27,woman,melo,2,2,3,2_2_1_1,Ca,conc,abs,zoom1,46,42,40,76,14,23,9,12,17,22,10,4,0,0,3,0,1,1
anoufimi_1401453565,27,woman,melo,2,2,4,4_2_2_1,St,conc,nat,zoom1,43,36,26,33,15,28,14,15,16,13,12,4,0,0,3,0,1,1
anoufimi_1401453565,27,woman,melo,2,2,5,4_2_1_1,St,conc,abs,zoom1,33,36,35,55,12,25,11,13,16,22,13,4,0,0,3,0,1,1
anoufimi_1401453565,27,woman,melo,2,2,6,1_1_2_1,As,met,nat,zoom1,44,31,28,44,11,17,14,14,15,16,10,4,0,0,3,0,1,1
anoufimi_1401453565,27,woman,melo,2,2,7,2_2_2_2,Ca,conc,nat,zoom2,36,41,28,43,24,19,11,12,14,14,15,4,0,0,3,0,1,1
anoufimi_1401453565,27,woman,melo,2,2,8,3_1_2_2,He,met,nat,zoom2,37,34,14,19,10,9,3,5,8,8,10,4,0,0,3,0,1,1
anoufimi_1401453565,27,woman,melo,2,2,9,4_3_2_1,St,emph,nat,zoom1,28,37,16,17,6,6,4,3,6,7,4,4,0,0,3,0,1,1
anoufimi_1401453565,27,woman,melo,2,2,10,2_1_1_1,Ca,met,abs,zoom1,29,25,13,14,3,4,4,5,7,9,7,4,0,0,3,0,1,1
anoufimi_1401453565,27,woman,melo,2,2,11,4_1_1_1,St,met,abs,zoom1,21,31,10,16,4,4,3,6,6,7,4,4,0,0,3,0,1,1
anoufimi_1401453565,27,woman,melo,2,2,12,1_2_2_1,As,conc,nat,zoom1,21,28,10,15,5,6,3,4,4,5,3,4,0,0,3,0,1,1
anoufimi_1401453565,27,woman,melo,2,2,13,1_3_1_1,As,emph,abs,zoom1,25,30,11,17,3,4,3,3,5,3,2,4,0,0,3,0,1,1
anoufimi_1401453565,27,woman,melo,2,2,14,4_3_1_1,St,emph,abs,zoom1,26,19,12,14,4,3,4,4,5,11,4,4,0,0,3,0,1,1
anoufimi_1401453565,27,woman,melo,2,2,15,1_1_1_1,As,met,abs,zoom1,23,29,11,13,3,4,5,3,6,9,4,4,0,0,3,0,1,1
anoufimi_1401453565,27,woman,melo,2,2,16,1_3_2_1,As,emph,nat,zoom1,23,29,14,17,3,3,3,1,4,6,3,4,0,0,3,0,1,1
anoufimi_1401453565,27,woman,melo,2,2,17,3_2_2_2,He,conc,nat,zoom2,23,35,10,14,3,3,4,4,4,7,3,4,0,0,3,0,1,1
anoufimi_1401453565,27,woman,melo,2,2,18,2_3_2_1,Ca,emph,nat,zoom1,21,35,8,11,3,2,2,3,4,10,4,4,0,0,3,0,1,1
anoufimi_1401453565,27,woman,melo,2,2,19,3_3_2_1,He,emph,nat,zoom1,28,28,12,17,3,4,4,3,4,8,3,4,0,0,3,0,1,1
anoufimi_1401453565,27,woman,melo,2,2,20,4_1_2_1,St,met,nat,zoom1,19,31,10,12,3,4,4,3,4,5,5,4,0,0,3,0,1,1
anoufimi_1401453565,27,woman,melo,2,2,21,3_2_1_2,He,conc,abs,zoom2,19,22,12,15,4,4,5,4,4,5,3,4,0,0,3,0,1,1
anoufimi_1401453565,27,woman,melo,2,2,22,1_2_1_1,As,conc,abs,zoom1,19,29,9,11,3,3,1,3,3,5,4,4,0,0,3,0,1,1
anoufimi_1401453565,27,woman,melo,2,2,23,3_1_1_1,He,met,abs,zoom1,22,23,9,9,3,3,1,3,4,5,3,4,0,0,3,0,1,1
anoufimi_1401453565,27,woman,melo,2,2,24,3_3_1_2,He,emph,abs,zoom2,23,27,11,12,3,3,3,2,4,10,4,4,0,0,3,0,1,1
bxmwokqd_1401350310,26,man,melo,2,1,1,2_1_2_1,Ca,met,nat,zoom1,36,11,9,5,31,32,12,9,15,16,6,9,1,0,1,4,0,1
bxmwokqd_1401350310,26,man,melo,2,1,2,2_3_1_1,Ca,emph,abs,zoom1,29,26,5,4,17,20,7,25,12,6,27,9,1,0,1,4,0,1
bxmwokqd_1401350310,26,man,melo,2,1,3,2_2_1_1,Ca,conc,abs,zoom1,23,33,17,8,10,15,14,21,12,13,27,9,1,0,1,4,0,1
bxmwokqd_1401350310,26,man,melo,2,1,4,4_2_2_1,St,conc,nat,zoom1,19,44,22,18,7,24,9,4,15,23,12,9,1,0,1,4,0,1
bxmwokqd_1401350310,26,man,melo,2,1,5,4_2_1_1,St,conc,abs,zoom1,17,21,38,21,11,25,26,17,12,22,33,9,1,0,1,4,0,1
bxmwokqd_1401350310,26,man,melo,2,1,6,1_1_2_1,As,met,nat,zoom1,45,37,6,7,35,32,27,37,9,2,34,9,1,0,1,4,0,1
bxmwokqd_1401350310,26,man,melo,2,1,7,2_2_2_2,Ca,conc,nat,zoom2,44,43,39,32,11,26,33,13,8,13,0,9,1,0,1,4,0,1
bxmwokqd_1401350310,26,man,melo,2,1,8,3_1_2_2,He,met,nat,zoom2,18,36,26,3,12,31,9,2,17,31,2,9,1,0,1,4,0,1
bxmwokqd_1401350310,26,man,melo,2,1,9,4_3_2_1,St,emph,nat,zoom1,49,53,47,40,0,39,31,20,13,31,3,9,1,0,1,4,0,1
bxmwokqd_1401350310,26,man,melo,2,1,10,2_1_1_1,Ca,met,abs,zoom1,15,34,18,20,1,22,27,0,5,10,4,9,1,0,1,4,0,1
bxmwokqd_1401350310,26,man,melo,2,1,12,1_2_2_1,As,conc,nat,zoom1,59,55,18,2,27,39,4,53,9,34,22,9,1,0,1,4,0,1
bxmwokqd_1401350310,26,man,melo,2,1,13,1_3_1_1,As,emph,abs,zoom1,30,56,4,3,34,53,51,52,22,3,61,9,1,0,1,4,0,1
bxmwokqd_1401350310,26,man,melo,2,1,14,4_3_1_1,St,emph,abs,zoom1,49,40,37,6,7,47,14,55,11,34,3,9,1,0,1,4,0,1
bxmwokqd_1401350310,26,man,melo,2,1,15,1_1_1_1,As,met,abs,zoom1,54,42,18,26,15,44,21,51,9,27,54,9,1,0,1,4,0,1
bxmwokqd_1401350310,26,man,melo,2,1,16,1_3_2_1,As,emph,nat,zoom1,60,55,29,20,24,42,19,45,19,11,42,9,1,0,1,4,0,1
bxmwokqd_1401350310,26,man,melo,2,1,17,3_2_2_2,He,conc,nat,zoom2,40,33,43,37,6,36,22,33,10,20,36,9,1,0,1,4,0,1
bxmwokqd_1401350310,26,man,melo,2,1,18,2_3_2_1,Ca,emph,nat,zoom1,40,49,45,38,24,49,41,27,11,21,36,9,1,0,1,4,0,1
bxmwokqd_1401350310,26,man,melo,2,1,19,3_3_2_1,He,emph,nat,zoom1,34,22,25,24,16,29,36,18,9,19,3,9,1,0,1,4,0,1
bxmwokqd_1401350310,26,man,melo,2,1,20,4_1_2_1,St,met,nat,zoom1,19,27,18,23,3,30,26,34,5,18,15,9,1,0,1,4,0,1
bxmwokqd_1401350310,26,man,melo,2,1,21,3_2_1_2,He,conc,abs,zoom2,7,20,44,27,4,19,28,3,12,18,2,9,1,0,1,4,0,1
bxmwokqd_1401350310,26,man,melo,2,1,22,1_2_1_1,As,conc,abs,zoom1,54,52,43,39,0,37,46,19,7,5,52,9,1,0,1,4,0,1
bxmwokqd_1401350310,26,man,melo,2,1,23,3_1_1_1,He,met,abs,zoom1,36,37,16,31,2,28,46,4,14,2,43,9,1,0,1,4,0,1
bxmwokqd_1401350310,26,man,melo,2,1,24,3_3_1_2,He,emph,abs,zoom2,41,38,48,46,16,48,66,40,4,17,53,9,1,0,1,4,0,1
cbpgvmvn_1401462390,21,woman,mus,2,1,1,2_1_2_1,Ca,met,nat,zoom1,58,68,69,69,36,60,64,35,33,32,35,4,0,2,7,0,1,4
cbpgvmvn_1401462390,21,woman,mus,2,1,2,2_3_1_1,Ca,emph,abs,zoom1,81,79,68,68,33,83,78,33,27,35,73,4,0,2,7,0,1,4
cbpgvmvn_1401462390,21,woman,mus,2,1,3,2_2_1_1,Ca,conc,abs,zoom1,58,57,56,60,30,49,50,60,48,31,36,4,0,2,7,0,1,4
cbpgvmvn_1401462390,21,woman,mus,2,1,4,4_2_2_1,St,conc,nat,zoom1,58,66,68,64,25,47,41,46,37,61,38,4,0,2,7,0,1,4
cbpgvmvn_1401462390,21,woman,mus,2,1,5,4_2_1_1,St,conc,abs,zoom1,62,57,57,44,41,49,62,42,49,50,45,4,0,2,7,0,1,4
cbpgvmvn_1401462390,21,woman,mus,2,1,6,1_1_2_1,As,met,nat,zoom1,54,54,54,53,0,40,40,44,35,37,35,4,0,2,7,0,1,4
cbpgvmvn_1401462390,21,woman,mus,2,1,7,2_2_2_2,Ca,conc,nat,zoom2,69,79,74,73,23,75,65,59,38,37,65,4,0,2,7,0,1,4
cbpgvmvn_1401462390,21,woman,mus,2,1,8,3_1_2_2,He,met,nat,zoom2,69,57,64,59,36,59,58,49,44,44,42,4,0,2,7,0,1,4
cbpgvmvn_1401462390,21,woman,mus,2,1,9,4_3_2_1,St,emph,nat,zoom1,61,57,68,68,37,57,58,50,48,50,48,4,0,2,7,0,1,4
cbpgvmvn_1401462390,21,woman,mus,2,1,10,2_1_1_1,Ca,met,abs,zoom1,60,68,65,0,35,52,54,51,44,46,46,4,0,2,7,0,1,4
cbpgvmvn_1401462390,21,woman,mus,2,1,12,1_2_2_1,As,conc,nat,zoom1,76,66,70,67,39,70,47,43,55,50,48,4,0,2,7,0,1,4
cbpgvmvn_1401462390,21,woman,mus,2,1,13,1_3_1_1,As,emph,abs,zoom1,68,65,57,58,0,60,46,43,68,67,42,4,0,2,7,0,1,4
cbpgvmvn_1401462390,21,woman,mus,2,1,14,4_3_1_1,St,emph,abs,zoom1,60,60,53,60,23,65,61,58,53,45,38,4,0,2,7,0,1,4
cbpgvmvn_1401462390,21,woman,mus,2,1,15,1_1_1_1,As,met,abs,zoom1,60,63,62,56,0,63,61,63,59,60,38,4,0,2,7,0,1,4
cbpgvmvn_1401462390,21,woman,mus,2,1,16,1_3_2_1,As,emph,nat,zoom1,68,67,62,0,42,63,62,55,36,41,22,4,0,2,7,0,1,4
cbpgvmvn_1401462390,21,woman,mus,2,1,17,3_2_2_2,He,conc,nat,zoom2,65,81,65,67,37,62,70,68,28,50,33,4,0,2,7,0,1,4
cbpgvmvn_1401462390,21,woman,mus,2,1,18,2_3_2_1,Ca,emph,nat,zoom1,70,74,72,69,38,69,64,65,24,36,70,4,0,2,7,0,1,4
cbpgvmvn_1401462390,21,woman,mus,2,1,19,3_3_2_1,He,emph,nat,zoom1,70,69,71,67,36,68,63,66,33,63,57,4,0,2,7,0,1,4
cbpgvmvn_1401462390,21,woman,mus,2,1,20,4_1_2_1,St,met,nat,zoom1,50,37,47,40,43,38,36,37,55,42,28,4,0,2,7,0,1,4
cbpgvmvn_1401462390,21,woman,mus,2,1,21,3_2_1_2,He,conc,abs,zoom2,62,64,63,61,41,59,61,52,45,41,59,4,0,2,7,0,1,4
cbpgvmvn_1401462390,21,woman,mus,2,1,22,1_2_1_1,As,conc,abs,zoom1,66,63,67,71,47,69,64,61,43,45,47,4,0,2,7,0,1,4
cbpgvmvn_1401462390,21,woman,mus,2,1,23,3_1_1_1,He,met,abs,zoom1,73,66,70,67,40,65,54,55,47,47,52,4,0,2,7,0,1,4
cbpgvmvn_1401462390,21,woman,mus,2,1,24,3_3_1_2,He,emph,abs,zoom2,75,68,71,69,50,76,57,62,56,58,60,4,0,2,7,0,1,4
ciwozgrx_1401818414,27,man,melo,2,2,1,2_1_2_1,Ca,met,nat,zoom1,59,65,0,99,0,0,0,0,0,0,0,3,0,7,1,0,1,0
ciwozgrx_1401818414,27,man,melo,2,2,2,2_3_1_1,Ca,emph,abs,zoom1,31,50,100,0,0,0,0,0,0,100,0,3,0,7,1,0,1,0
ciwozgrx_1401818414,27,man,melo,2,2,3,2_2_1_1,Ca,conc,abs,zoom1,90,77,63,0,70,0,0,66,74,28,0,3,0,7,1,0,1,0
ciwozgrx_1401818414,27,man,melo,2,2,4,4_2_2_1,St,conc,nat,zoom1,100,100,0,0,83,0,0,82,0,82,0,3,0,7,1,0,1,0
ciwozgrx_1401818414,27,man,melo,2,2,5,4_2_1_1,St,conc,abs,zoom1,32,31,93,0,0,0,95,0,0,0,0,3,0,7,1,0,1,0
ciwozgrx_1401818414,27,man,melo,2,2,6,1_1_2_1,As,met,nat,zoom1,74,0,0,75,0,0,0,75,0,76,0,3,0,7,1,0,1,0
ciwozgrx_1401818414,27,man,melo,2,2,7,2_2_2_2,Ca,conc,nat,zoom2,68,0,0,0,76,0,0,76,0,0,0,3,0,7,1,0,1,0
ciwozgrx_1401818414,27,man,melo,2,2,8,3_1_2_2,He,met,nat,zoom2,68,54,22,0,71,0,0,71,0,0,29,3,0,7,1,0,1,0
ciwozgrx_1401818414,27,man,melo,2,2,9,4_3_2_1,St,emph,nat,zoom1,100,51,0,100,0,0,0,0,0,0,100,3,0,7,1,0,1,0
ciwozgrx_1401818414,27,man,melo,2,2,10,2_1_1_1,Ca,met,abs,zoom1,28,25,0,0,0,0,0,0,71,70,0,3,0,7,1,0,1,0
ciwozgrx_1401818414,27,man,melo,2,2,11,4_1_1_1,St,met,abs,zoom1,26,30,0,0,0,0,0,76,0,0,0,3,0,7,1,0,1,0
ciwozgrx_1401818414,27,man,melo,2,2,12,1_2_2_1,As,conc,nat,zoom1,27,78,0,0,0,51,32,0,0,0,52,3,0,7,1,0,1,0
ciwozgrx_1401818414,27,man,melo,2,2,13,1_3_1_1,As,emph,abs,zoom1,21,18,29,0,0,64,0,0,0,65,0,3,0,7,1,0,1,0
ciwozgrx_1401818414,27,man,melo,2,2,14,4_3_1_1,St,emph,abs,zoom1,100,71,100,100,0,0,0,0,0,0,0,3,0,7,1,0,1,0
ciwozgrx_1401818414,27,man,melo,2,2,15,1_1_1_1,As,met,abs,zoom1,34,40,40,0,98,0,0,34,0,0,0,3,0,7,1,0,1,0
ciwozgrx_1401818414,27,man,melo,2,2,16,1_3_2_1,As,emph,nat,zoom1,81,76,29,0,0,0,100,0,0,0,100,3,0,7,1,0,1,0
ciwozgrx_1401818414,27,man,melo,2,2,17,3_2_2_2,He,conc,nat,zoom2,12,10,0,0,0,0,36,0,0,0,0,3,0,7,1,0,1,0
ciwozgrx_1401818414,27,man,melo,2,2,18,2_3_2_1,Ca,emph,nat,zoom1,24,28,63,65,0,0,0,0,0,0,0,3,0,7,1,0,1,0
ciwozgrx_1401818414,27,man,melo,2,2,19,3_3_2_1,He,emph,nat,zoom1,65,29,0,0,0,82,0,21,0,0,88,3,0,7,1,0,1,0
ciwozgrx_1401818414,27,man,melo,2,2,20,4_1_2_1,St,met,nat,zoom1,27,47,41,34,0,0,0,0,35,0,0,3,0,7,1,0,1,0
ciwozgrx_1401818414,27,man,melo,2,2,21,3_2_1_2,He,conc,abs,zoom2,72,0,24,72,0,0,0,0,0,0,77,3,0,7,1,0,1,0
ciwozgrx_1401818414,27,man,melo,2,2,22,1_2_1_1,As,conc,abs,zoom1,26,100,0,100,0,41,38,0,0,11,23,3,0,7,1,0,1,0
ciwozgrx_1401818414,27,man,melo,2,2,23,3_1_1_1,He,met,abs,zoom1,23,23,0,0,0,0,80,0,0,25,25,3,0,7,1,0,1,0
ciwozgrx_1401818414,27,man,melo,2,2,24,3_3_1_2,He,emph,abs,zoom2,21,22,0,0,79,49,19,0,0,0,0,3,0,7,1,0,1,0
etlahyeg_1401615792,23,man,melo,2,1,1,2_1_2_1,Ca,met,nat,zoom1,28,33,39,27,0,7,21,21,49,14,0,4,0,0,2,0,9,4
etlahyeg_1401615792,23,man,melo,2,1,2,2_3_1_1,Ca,emph,abs,zoom1,47,50,19,6,14,39,5,48,55,31,16,4,0,0,2,0,9,4
etlahyeg_1401615792,23,man,melo,2,1,3,2_2_1_1,Ca,conc,abs,zoom1,41,43,0,17,5,42,29,57,14,14,8,4,0,0,2,0,9,4
etlahyeg_1401615792,23,man,melo,2,1,4,4_2_2_1,St,conc,nat,zoom1,34,39,7,30,7,37,14,34,67,38,5,4,0,0,2,0,9,4
etlahyeg_1401615792,23,man,melo,2,1,5,4_2_1_1,St,conc,abs,zoom1,25,44,6,14,25,36,10,36,78,61,0,4,0,0,2,0,9,4
etlahyeg_1401615792,23,man,melo,2,1,6,1_1_2_1,As,met,nat,zoom1,0,33,11,0,0,27,12,46,35,49,0,4,0,0,2,0,9,4
etlahyeg_1401615792,23,man,melo,2,1,7,2_2_2_2,Ca,conc,nat,zoom2,0,85,0,4,27,47,0,78,0,35,0,4,0,0,2,0,9,4
etlahyeg_1401615792,23,man,melo,2,1,8,3_1_2_2,He,met,nat,zoom2,36,17,28,6,0,21,6,22,5,0,0,4,0,0,2,0,9,4
etlahyeg_1401615792,23,man,melo,2,1,9,4_3_2_1,St,emph,nat,zoom1,22,47,0,47,0,28,28,30,5,29,0,4,0,0,2,0,9,4
etlahyeg_1401615792,23,man,melo,2,1,10,2_1_1_1,Ca,met,abs,zoom1,5,6,0,0,10,0,37,5,21,0,27,4,0,0,2,0,9,4
etlahyeg_1401615792,23,man,melo,2,1,11,4_1_1_1,St,met,abs,zoom1,0,16,12,17,4,0,22,0,21,5,0,4,0,0,2,0,9,4
etlahyeg_1401615792,23,man,melo,2,1,12,1_2_2_1,As,conc,nat,zoom1,0,58,0,0,13,47,67,77,11,0,0,4,0,0,2,0,9,4
etlahyeg_1401615792,23,man,melo,2,1,13,1_3_1_1,As,emph,abs,zoom1,41,48,27,0,10,34,4,38,62,12,7,4,0,0,2,0,9,4
etlahyeg_1401615792,23,man,melo,2,1,14,4_3_1_1,St,emph,abs,zoom1,49,68,10,57,13,53,19,47,8,28,0,4,0,0,2,0,9,4
etlahyeg_1401615792,23,man,melo,2,1,15,1_1_1_1,As,met,abs,zoom1,8,14,14,7,0,0,6,4,5,0,0,4,0,0,2,0,9,4
etlahyeg_1401615792,23,man,melo,2,1,16,1_3_2_1,As,emph,nat,zoom1,77,85,7,0,41,84,0,56,22,22,7,4,0,0,2,0,9,4
etlahyeg_1401615792,23,man,melo,2,1,17,3_2_2_2,He,conc,nat,zoom2,19,18,0,0,0,0,8,7,0,4,0,4,0,0,2,0,9,4
etlahyeg_1401615792,23,man,melo,2,1,18,2_3_2_1,Ca,emph,nat,zoom1,14,16,0,10,0,0,9,9,0,5,0,4,0,0,2,0,9,4
etlahyeg_1401615792,23,man,melo,2,1,19,3_3_2_1,He,emph,nat,zoom1,73,61,10,0,55,36,0,60,0,7,7,4,0,0,2,0,9,4
etlahyeg_1401615792,23,man,melo,2,1,20,4_1_2_1,St,met,nat,zoom1,17,49,0,0,0,0,42,0,14,0,0,4,0,0,2,0,9,4
etlahyeg_1401615792,23,man,melo,2,1,21,3_2_1_2,He,conc,abs,zoom2,47,50,0,0,15,6,24,44,31,8,8,4,0,0,2,0,9,4
etlahyeg_1401615792,23,man,melo,2,1,22,1_2_1_1,As,conc,abs,zoom1,22,32,9,5,0,5,5,0,0,7,0,4,0,0,2,0,9,4
etlahyeg_1401615792,23,man,melo,2,1,23,3_1_1_1,He,met,abs,zoom1,45,44,0,40,0,34,5,7,3,12,0,4,0,0,2,0,9,4
etlahyeg_1401615792,23,man,melo,2,1,24,3_3_1_2,He,emph,abs,zoom2,0,69,0,0,16,27,70,38,10,0,0,4,0,0,2,0,9,4
etvzywrj_1401186409,21,man,mus,2,2,1,2_1_2_1,Ca,met,nat,zoom1,25,53,41,53,39,31,45,59,62,59,47,1,0,1,0,0,1,1
etvzywrj_1401186409,21,man,mus,2,2,2,2_3_1_1,Ca,emph,abs,zoom1,30,50,41,45,48,54,43,29,36,65,49,1,0,1,0,0,1,1
etvzywrj_1401186409,21,man,mus,2,2,3,2_2_1_1,Ca,conc,abs,zoom1,29,48,38,44,59,45,31,62,47,38,50,1,0,1,0,0,1,1
etvzywrj_1401186409,21,man,mus,2,2,4,4_2_2_1,St,conc,nat,zoom1,24,50,36,46,55,51,65,45,62,37,49,1,0,1,0,0,1,1
etvzywrj_1401186409,21,man,mus,2,2,5,4_2_1_1,St,conc,abs,zoom1,28,45,43,45,37,56,41,55,37,52,40,1,0,1,0,0,1,1
etvzywrj_1401186409,21,man,mus,2,2,6,1_1_2_1,As,met,nat,zoom1,43,51,46,52,43,52,33,60,44,55,45,1,0,1,0,0,1,1
etvzywrj_1401186409,21,man,mus,2,2,7,2_2_2_2,Ca,conc,nat,zoom2,21,47,45,47,46,49,43,54,56,36,48,1,0,1,0,0,1,1
etvzywrj_1401186409,21,man,mus,2,2,8,3_1_2_2,He,met,nat,zoom2,42,46,41,50,44,56,45,54,52,50,45,1,0,1,0,0,1,1
etvzywrj_1401186409,21,man,mus,2,2,9,4_3_2_1,St,emph,nat,zoom1,34,48,43,47,47,53,44,52,39,50,45,1,0,1,0,0,1,1
etvzywrj_1401186409,21,man,mus,2,2,10,2_1_1_1,Ca,met,abs,zoom1,32,65,48,52,35,57,48,51,49,50,52,1,0,1,0,0,1,1
etvzywrj_1401186409,21,man,mus,2,2,11,4_1_1_1,St,met,abs,zoom1,43,52,46,46,46,49,49,45,50,49,46,1,0,1,0,0,1,1
etvzywrj_1401186409,21,man,mus,2,2,12,1_2_2_1,As,conc,nat,zoom1,45,49,38,46,54,42,44,40,55,50,50,1,0,1,0,0,1,1
etvzywrj_1401186409,21,man,mus,2,2,13,1_3_1_1,As,emph,abs,zoom1,33,43,47,52,40,67,54,39,57,40,52,1,0,1,0,0,1,1
etvzywrj_1401186409,21,man,mus,2,2,14,4_3_1_1,St,emph,abs,zoom1,38,51,52,45,45,55,49,54,49,50,42,1,0,1,0,0,1,1
etvzywrj_1401186409,21,man,mus,2,2,15,1_1_1_1,As,met,abs,zoom1,33,45,54,50,49,47,50,51,44,51,48,1,0,1,0,0,1,1
etvzywrj_1401186409,21,man,mus,2,2,16,1_3_2_1,As,emph,nat,zoom1,49,49,49,49,47,46,37,51,46,54,49,1,0,1,0,0,1,1
etvzywrj_1401186409,21,man,mus,2,2,17,3_2_2_2,He,conc,nat,zoom2,30,49,41,53,45,59,37,58,38,45,57,1,0,1,0,0,1,1
etvzywrj_1401186409,21,man,mus,2,2,18,2_3_2_1,Ca,emph,nat,zoom1,42,48,42,52,53,54,45,51,42,49,47,1,0,1,0,0,1,1
etvzywrj_1401186409,21,man,mus,2,2,19,3_3_2_1,He,emph,nat,zoom1,50,48,43,61,58,46,29,52,48,48,39,1,0,1,0,0,1,1
etvzywrj_1401186409,21,man,mus,2,2,20,4_1_2_1,St,met,nat,zoom1,48,49,50,48,50,49,38,52,43,50,57,1,0,1,0,0,1,1
etvzywrj_1401186409,21,man,mus,2,2,21,3_2_1_2,He,conc,abs,zoom2,50,41,33,49,62,46,58,52,51,50,39,1,0,1,0,0,1,1
etvzywrj_1401186409,21,man,mus,2,2,22,1_2_1_1,As,conc,abs,zoom1,54,47,41,53,46,54,50,48,46,44,45,1,0,1,0,0,1,1
etvzywrj_1401186409,21,man,mus,2,2,23,3_1_1_1,He,met,abs,zoom1,53,49,53,50,54,44,47,50,51,45,52,1,0,1,0,0,1,1
etvzywrj_1401186409,21,man,mus,2,2,24,3_3_1_2,He,emph,abs,zoom2,22,51,41,44,53,61,65,50,37,24,53,1,0,1,0,0,1,1
ezobyjnl_1401741607,24,man,mus,2,1,1,2_1_2_1,Ca,met,nat,zoom1,85,62,61,0,61,0,49,64,0,65,65,8,0,9,1,0,1,0
ezobyjnl_1401741607,24,man,mus,2,1,2,2_3_1_1,Ca,emph,abs,zoom1,66,80,65,0,63,0,48,61,62,63,98,8,0,9,1,0,1,0
ezobyjnl_1401741607,24,man,mus,2,1,3,2_2_1_1,Ca,conc,abs,zoom1,100,100,64,64,0,64,31,12,67,31,100,8,0,9,1,0,1,0
ezobyjnl_1401741607,24,man,mus,2,1,4,4_2_2_1,St,conc,nat,zoom1,56,100,76,19,76,64,64,8,63,37,21,8,0,9,1,0,1,0
ezobyjnl_1401741607,24,man,mus,2,1,5,4_2_1_1,St,conc,abs,zoom1,33,33,60,0,21,61,6,20,32,20,20,8,0,9,1,0,1,0
ezobyjnl_1401741607,24,man,mus,2,1,6,1_1_2_1,As,met,nat,zoom1,5,6,15,13,0,4,9,14,13,4,14,8,0,9,1,0,1,0
ezobyjnl_1401741607,24,man,mus,2,1,7,2_2_2_2,Ca,conc,nat,zoom2,77,85,74,15,0,49,50,1,72,40,86,8,0,9,1,0,1,0
ezobyjnl_1401741607,24,man,mus,2,1,8,3_1_2_2,He,met,nat,zoom2,5,10,8,8,0,8,12,0,12,9,7,8,0,9,1,0,1,0
ezobyjnl_1401741607,24,man,mus,2,1,9,4_3_2_1,St,emph,nat,zoom1,100,54,71,21,0,51,39,0,18,40,66,8,0,9,1,0,1,0
ezobyjnl_1401741607,24,man,mus,2,1,10,2_1_1_1,Ca,met,abs,zoom1,6,10,60,13,3,42,17,0,40,39,18,8,0,9,1,0,1,0
ezobyjnl_1401741607,24,man,mus,2,1,11,4_1_1_1,St,met,abs,zoom1,33,41,67,22,0,53,20,0,72,17,33,8,0,9,1,0,1,0
ezobyjnl_1401741607,24,man,mus,2,1,12,1_2_2_1,As,conc,nat,zoom1,46,45,63,27,0,0,54,0,76,28,76,8,0,9,1,0,1,0
ezobyjnl_1401741607,24,man,mus,2,1,13,1_3_1_1,As,emph,abs,zoom1,96,93,92,51,0,0,17,0,46,23,15,8,0,9,1,0,1,0
ezobyjnl_1401741607,24,man,mus,2,1,14,4_3_1_1,St,emph,abs,zoom1,100,65,93,17,0,47,36,0,90,32,100,8,0,9,1,0,1,0
ezobyjnl_1401741607,24,man,mus,2,1,15,1_1_1_1,As,met,abs,zoom1,12,31,61,14,0,22,23,0,85,6,46,8,0,9,1,0,1,0
ezobyjnl_1401741607,24,man,mus,2,1,16,1_3_2_1,As,emph,nat,zoom1,79,43,73,16,71,29,47,12,62,17,55,8,0,9,1,0,1,0
ezobyjnl_1401741607,24,man,mus,2,1,17,3_2_2_2,He,conc,nat,zoom2,65,31,68,20,0,29,25,0,60,16,71,8,0,9,1,0,1,0
ezobyjnl_1401741607,24,man,mus,2,1,18,2_3_2_1,Ca,emph,nat,zoom1,100,100,100,50,0,0,73,16,41,28,68,8,0,9,1,0,1,0
ezobyjnl_1401741607,24,man,mus,2,1,19,3_3_2_1,He,emph,nat,zoom1,100,100,100,100,0,19,55,0,51,16,100,8,0,9,1,0,1,0
ezobyjnl_1401741607,24,man,mus,2,1,20,4_1_2_1,St,met,nat,zoom1,17,100,82,31,6,8,86,0,52,28,18,8,0,9,1,0,1,0
ezobyjnl_1401741607,24,man,mus,2,1,21,3_2_1_2,He,conc,abs,zoom2,100,100,89,52,23,50,14,5,64,23,68,8,0,9,1,0,1,0
ezobyjnl_1401741607,24,man,mus,2,1,22,1_2_1_1,As,conc,abs,zoom1,22,34,66,18,0,58,19,0,58,17,25,8,0,9,1,0,1,0
ezobyjnl_1401741607,24,man,mus,2,1,23,3_1_1_1,He,met,abs,zoom1,73,28,61,29,2,28,28,0,52,26,47,8,0,9,1,0,1,0
ezobyjnl_1401741607,24,man,mus,2,1,24,3_3_1_2,He,emph,abs,zoom2,100,100,87,53,0,74,51,0,45,25,73,8,0,9,1,0,1,0
fgcrmowu_1401459988,52,woman,mus,2,1,2,2_3_1_1,Ca,emph,abs,zoom1,70,0,64,22,5,50,29,62,28,24,49,1,0,7,3,0,0,0
fgcrmowu_1401459988,52,woman,mus,2,1,3,2_2_1_1,Ca,conc,abs,zoom1,64,64,67,75,6,30,30,7,12,49,46,1,0,7,3,0,0,0
fgcrmowu_1401459988,52,woman,mus,2,1,4,4_2_2_1,St,conc,nat,zoom1,25,17,24,24,9,11,64,10,13,10,17,1,0,7,3,0,0,0
fgcrmowu_1401459988,52,woman,mus,2,1,5,4_2_1_1,St,conc,abs,zoom1,43,34,37,42,6,30,14,11,6,34,35,1,0,7,3,0,0,0
fgcrmowu_1401459988,52,woman,mus,2,1,6,1_1_2_1,As,met,nat,zoom1,43,35,26,26,6,9,22,6,8,13,21,1,0,7,3,0,0,0
fgcrmowu_1401459988,52,woman,mus,2,1,7,2_2_2_2,Ca,conc,nat,zoom2,34,56,40,37,8,17,22,10,9,24,33,1,0,7,3,0,0,0
fgcrmowu_1401459988,52,woman,mus,2,1,8,3_1_2_2,He,met,nat,zoom2,33,65,29,25,16,8,17,13,22,22,39,1,0,7,3,0,0,0
fgcrmowu_1401459988,52,woman,mus,2,1,9,4_3_2_1,St,emph,nat,zoom1,57,64,36,34,12,45,24,14,20,21,56,1,0,7,3,0,0,0
fgcrmowu_1401459988,52,woman,mus,2,1,10,2_1_1_1,Ca,met,abs,zoom1,51,48,35,38,8,14,21,13,9,15,36,1,0,7,3,0,0,0
fgcrmowu_1401459988,52,woman,mus,2,1,12,1_2_2_1,As,conc,nat,zoom1,49,71,34,36,7,31,22,6,12,12,45,1,0,7,3,0,0,0
fgcrmowu_1401459988,52,woman,mus,2,1,13,1_3_1_1,As,emph,abs,zoom1,62,67,56,51,7,15,25,10,9,23,55,1,0,7,3,0,0,0
fgcrmowu_1401459988,52,woman,mus,2,1,14,4_3_1_1,St,emph,abs,zoom1,58,63,51,50,10,13,25,11,5,23,45,1,0,7,3,0,0,0
fgcrmowu_1401459988,52,woman,mus,2,1,15,1_1_1_1,As,met,abs,zoom1,45,45,26,28,6,9,17,7,7,9,22,1,0,7,3,0,0,0
fgcrmowu_1401459988,52,woman,mus,2,1,16,1_3_2_1,As,emph,nat,zoom1,52,73,35,27,6,42,11,6,10,17,43,1,0,7,3,0,0,0
fgcrmowu_1401459988,52,woman,mus,2,1,17,3_2_2_2,He,conc,nat,zoom2,34,42,23,15,9,6,21,7,7,12,33,1,0,7,3,0,0,0
fgcrmowu_1401459988,52,woman,mus,2,1,18,2_3_2_1,Ca,emph,nat,zoom1,57,65,57,58,2,20,33,2,3,6,32,1,0,7,3,0,0,0
fgcrmowu_1401459988,52,woman,mus,2,1,19,3_3_2_1,He,emph,nat,zoom1,37,56,32,34,2,5,19,4,6,6,22,1,0,7,3,0,0,0
fgcrmowu_1401459988,52,woman,mus,2,1,20,4_1_2_1,St,met,nat,zoom1,43,69,58,61,0,9,12,0,0,14,41,1,0,7,3,0,0,0
fgcrmowu_1401459988,52,woman,mus,2,1,21,3_2_1_2,He,conc,abs,zoom2,46,60,53,38,2,18,15,0,6,0,9,1,0,7,3,0,0,0
fgcrmowu_1401459988,52,woman,mus,2,1,22,1_2_1_1,As,conc,abs,zoom1,50,70,49,57,0,14,11,0,6,9,25,1,0,7,3,0,0,0
fgcrmowu_1401459988,52,woman,mus,2,1,23,3_1_1_1,He,met,abs,zoom1,51,71,46,48,0,11,9,0,6,5,24,1,0,7,3,0,0,0
fgcrmowu_1401459988,52,woman,mus,2,1,24,3_3_1_2,He,emph,abs,zoom2,58,80,46,55,0,2,16,0,0,0,19,1,0,7,3,0,0,0
gqeumfln_1401352396,25,woman,melo,2,2,1,2_1_2_1,Ca,met,nat,zoom1,34,42,32,10,0,0,14,33,57,0,0,6,0,0,2,2,0,1
gqeumfln_1401352396,25,woman,melo,2,2,2,2_3_1_1,Ca,emph,abs,zoom1,58,82,65,73,0,28,48,0,14,0,0,6,0,0,2,2,0,1
gqeumfln_1401352396,25,woman,melo,2,2,3,2_2_1_1,Ca,conc,abs,zoom1,55,45,27,77,0,40,10,0,0,0,0,6,0,0,2,2,0,1
gqeumfln_1401352396,25,woman,melo,2,2,4,4_2_2_1,St,conc,nat,zoom1,83,80,31,89,0,57,0,0,0,48,0,6,0,0,2,2,0,1
gqeumfln_1401352396,25,woman,melo,2,2,5,4_2_1_1,St,conc,abs,zoom1,46,40,61,0,0,0,19,0,86,0,0,6,0,0,2,2,0,1
gqeumfln_1401352396,25,woman,melo,2,2,6,1_1_2_1,As,met,nat,zoom1,55,59,19,28,0,46,46,0,18,0,0,6,0,0,2,2,0,1
gqeumfln_1401352396,25,woman,melo,2,2,7,2_2_2_2,Ca,conc,nat,zoom2,68,69,83,39,0,0,0,50,0,0,0,6,0,0,2,2,0,1
gqeumfln_1401352396,25,woman,melo,2,2,8,3_1_2_2,He,met,nat,zoom2,52,42,19,20,0,25,0,33,26,0,0,6,0,0,2,2,0,1
gqeumfln_1401352396,25,woman,melo,2,2,9,4_3_2_1,St,emph,nat,zoom1,75,78,36,88,0,62,51,0,0,0,0,6,0,0,2,2,0,1
gqeumfln_1401352396,25,woman,melo,2,2,10,2_1_1_1,Ca,met,abs,zoom1,34,58,11,10,0,0,0,0,0,0,0,6,0,0,2,2,0,1
gqeumfln_1401352396,25,woman,melo,2,2,12,1_2_2_1,As,conc,nat,zoom1,47,47,0,63,0,9,60,0,0,60,0,6,0,0,2,2,0,1
gqeumfln_1401352396,25,woman,melo,2,2,13,1_3_1_1,As,emph,abs,zoom1,68,54,64,62,0,57,45,36,0,0,0,6,0,0,2,2,0,1
gqeumfln_1401352396,25,woman,melo,2,2,14,4_3_1_1,St,emph,abs,zoom1,43,38,29,30,25,0,56,0,0,0,0,6,0,0,2,2,0,1
gqeumfln_1401352396,25,woman,melo,2,2,15,1_1_1_1,As,met,abs,zoom1,34,18,1,20,0,0,0,0,0,19,0,6,0,0,2,2,0,1
gqeumfln_1401352396,25,woman,melo,2,2,16,1_3_2_1,As,emph,nat,zoom1,56,59,0,0,0,38,59,39,0,0,0,6,0,0,2,2,0,1
gqeumfln_1401352396,25,woman,melo,2,2,17,3_2_2_2,He,conc,nat,zoom2,53,59,27,57,0,0,0,0,61,0,0,6,0,0,2,2,0,1
gqeumfln_1401352396,25,woman,melo,2,2,18,2_3_2_1,Ca,emph,nat,zoom1,35,49,26,0,0,0,0,0,59,0,0,6,0,0,2,2,0,1
gqeumfln_1401352396,25,woman,melo,2,2,19,3_3_2_1,He,emph,nat,zoom1,34,64,55,0,21,0,0,0,0,56,0,6,0,0,2,2,0,1
gqeumfln_1401352396,25,woman,melo,2,2,20,4_1_2_1,St,met,nat,zoom1,63,49,0,45,0,0,61,0,0,0,0,6,0,0,2,2,0,1
gqeumfln_1401352396,25,woman,melo,2,2,21,3_2_1_2,He,conc,abs,zoom2,62,69,0,48,0,0,0,25,0,54,0,6,0,0,2,2,0,1
gqeumfln_1401352396,25,woman,melo,2,2,22,1_2_1_1,As,conc,abs,zoom1,29,43,0,19,0,0,0,0,0,0,0,6,0,0,2,2,0,1
gqeumfln_1401352396,25,woman,melo,2,2,23,3_1_1_1,He,met,abs,zoom1,26,16,23,0,0,0,0,0,28,16,0,6,0,0,2,2,0,1
gqeumfln_1401352396,25,woman,melo,2,2,24,3_3_1_2,He,emph,abs,zoom2,93,95,0,49,49,0,42,0,58,58,0,6,0,0,2,2,0,1
hqvcyzor_1401469566,29,man,mus,2,1,1,2_1_2_1,Ca,met,nat,zoom1,58,49,88,71,0,0,25,25,25,25,0,7,0,1,2,0,3,5
hqvcyzor_1401469566,29,man,mus,2,1,2,2_3_1_1,Ca,emph,abs,zoom1,89,75,24,0,25,84,84,51,0,0,100,7,0,1,2,0,3,5
hqvcyzor_1401469566,29,man,mus,2,1,3,2_2_1_1,Ca,conc,abs,zoom1,30,22,25,24,0,0,27,0,0,0,0,7,0,1,2,0,3,5
hqvcyzor_1401469566,29,man,mus,2,1,4,4_2_2_1,St,conc,nat,zoom1,66,46,89,42,0,21,43,43,42,0,23,7,0,1,2,0,3,5
hqvcyzor_1401469566,29,man,mus,2,1,5,4_2_1_1,St,conc,abs,zoom1,66,71,75,24,50,0,24,64,0,64,30,7,0,1,2,0,3,5
hqvcyzor_1401469566,29,man,mus,2,1,6,1_1_2_1,As,met,nat,zoom1,48,8,0,0,0,0,49,0,0,0,0,7,0,1,2,0,3,5
hqvcyzor_1401469566,29,man,mus,2,1,7,2_2_2_2,Ca,conc,nat,zoom2,43,16,18,19,0,0,18,0,0,0,0,7,0,1,2,0,3,5
hqvcyzor_1401469566,29,man,mus,2,1,8,3_1_2_2,He,met,nat,zoom2,25,6,9,9,0,0,45,0,0,0,0,7,0,1,2,0,3,5
hqvcyzor_1401469566,29,man,mus,2,1,9,4_3_2_1,St,emph,nat,zoom1,49,50,43,69,18,43,14,14,0,0,53,7,0,1,2,0,3,5
hqvcyzor_1401469566,29,man,mus,2,1,10,2_1_1_1,Ca,met,abs,zoom1,40,13,26,26,0,0,50,0,0,0,0,7,0,1,2,0,3,5
hqvcyzor_1401469566,29,man,mus,2,1,11,4_1_1_1,St,met,abs,zoom1,46,49,34,68,0,15,0,0,0,12,32,7,0,1,2,0,3,5
hqvcyzor_1401469566,29,man,mus,2,1,12,1_2_2_1,As,conc,nat,zoom1,75,60,45,45,0,76,17,25,0,25,44,7,0,1,2,0,3,5
hqvcyzor_1401469566,29,man,mus,2,1,13,1_3_1_1,As,emph,abs,zoom1,49,28,22,23,0,22,46,0,0,0,0,7,0,1,2,0,3,5
hqvcyzor_1401469566,29,man,mus,2,1,14,4_3_1_1,St,emph,abs,zoom1,90,85,90,53,18,71,14,63,18,35,74,7,0,1,2,0,3,5
hqvcyzor_1401469566,29,man,mus,2,1,15,1_1_1_1,As,met,abs,zoom1,37,24,29,29,30,0,20,0,19,37,0,7,0,1,2,0,3,5
hqvcyzor_1401469566,29,man,mus,2,1,16,1_3_2_1,As,emph,nat,zoom1,50,66,46,73,0,30,30,29,0,19,0,7,0,1,2,0,3,5
hqvcyzor_1401469566,29,man,mus,2,1,17,3_2_2_2,He,conc,nat,zoom2,39,13,0,33,0,26,20,0,0,29,0,7,0,1,2,0,3,5
hqvcyzor_1401469566,29,man,mus,2,1,18,2_3_2_1,Ca,emph,nat,zoom1,24,24,0,27,0,0,21,0,20,21,0,7,0,1,2,0,3,5
hqvcyzor_1401469566,29,man,mus,2,1,19,3_3_2_1,He,emph,nat,zoom1,35,20,35,51,0,19,20,9,0,0,0,7,0,1,2,0,3,5
hqvcyzor_1401469566,29,man,mus,2,1,20,4_1_2_1,St,met,nat,zoom1,68,78,36,90,0,71,22,0,0,19,49,7,0,1,2,0,3,5
hqvcyzor_1401469566,29,man,mus,2,1,21,3_2_1_2,He,conc,abs,zoom2,27,22,0,26,0,0,40,0,0,0,0,7,0,1,2,0,3,5
hqvcyzor_1401469566,29,man,mus,2,1,22,1_2_1_1,As,conc,abs,zoom1,40,35,30,60,0,0,0,0,0,0,0,7,0,1,2,0,3,5
hqvcyzor_1401469566,29,man,mus,2,1,23,3_1_1_1,He,met,abs,zoom1,66,3,0,0,0,0,69,0,0,0,0,7,0,1,2,0,3,5
hqvcyzor_1401469566,29,man,mus,2,1,24,3_3_1_2,He,emph,abs,zoom2,40,26,16,17,0,0,56,0,0,18,0,7,0,1,2,0,3,5
icshstnp_1401821761,27,man,melo,2,1,1,2_1_2_1,Ca,met,nat,zoom1,52,35,42,69,26,25,22,72,94,78,18,8,0,8,2,0,5,6
icshstnp_1401821761,27,man,melo,2,1,2,2_3_1_1,Ca,emph,abs,zoom1,71,48,71,68,21,30,55,35,28,60,48,8,0,8,2,0,5,6
icshstnp_1401821761,27,man,melo,2,1,3,2_2_1_1,Ca,conc,abs,zoom1,44,48,61,59,22,43,48,34,53,56,36,8,0,8,2,0,5,6
icshstnp_1401821761,27,man,melo,2,1,4,4_2_2_1,St,conc,nat,zoom1,52,61,46,54,45,44,44,47,50,53,48,8,0,8,2,0,5,6
icshstnp_1401821761,27,man,melo,2,1,5,4_2_1_1,St,conc,abs,zoom1,71,56,51,48,27,43,48,52,33,65,32,8,0,8,2,0,5,6
icshstnp_1401821761,27,man,melo,2,1,6,1_1_2_1,As,met,nat,zoom1,35,45,39,38,28,31,37,42,35,34,38,8,0,8,2,0,5,6
icshstnp_1401821761,27,man,melo,2,1,7,2_2_2_2,Ca,conc,nat,zoom2,49,54,58,57,44,43,37,47,41,52,38,8,0,8,2,0,5,6
icshstnp_1401821761,27,man,melo,2,1,8,3_1_2_2,He,met,nat,zoom2,54,60,35,56,39,42,46,36,31,54,38,8,0,8,2,0,5,6
icshstnp_1401821761,27,man,melo,2,1,9,4_3_2_1,St,emph,nat,zoom1,64,65,33,33,63,45,46,56,39,58,58,8,0,8,2,0,5,6
icshstnp_1401821761,27,man,melo,2,1,10,2_1_1_1,Ca,met,abs,zoom1,31,56,55,62,49,45,46,50,47,44,49,8,0,8,2,0,5,6
icshstnp_1401821761,27,man,melo,2,1,11,4_1_1_1,St,met,abs,zoom1,60,56,33,38,47,41,40,40,34,45,44,8,0,8,2,0,5,6
icshstnp_1401821761,27,man,melo,2,1,12,1_2_2_1,As,conc,nat,zoom1,64,74,73,77,10,60,54,66,17,61,51,8,0,8,2,0,5,6
icshstnp_1401821761,27,man,melo,2,1,13,1_3_1_1,As,emph,abs,zoom1,63,60,55,54,38,37,43,51,23,53,33,8,0,8,2,0,5,6
icshstnp_1401821761,27,man,melo,2,1,14,4_3_1_1,St,emph,abs,zoom1,68,57,53,50,46,51,46,43,44,47,49,8,0,8,2,0,5,6
icshstnp_1401821761,27,man,melo,2,1,15,1_1_1_1,As,met,abs,zoom1,53,60,49,48,41,44,44,45,44,45,49,8,0,8,2,0,5,6
icshstnp_1401821761,27,man,melo,2,1,16,1_3_2_1,As,emph,nat,zoom1,49,51,47,44,48,49,48,48,51,50,46,8,0,8,2,0,5,6
icshstnp_1401821761,27,man,melo,2,1,17,3_2_2_2,He,conc,nat,zoom2,49,58,46,50,51,47,48,54,49,50,49,8,0,8,2,0,5,6
icshstnp_1401821761,27,man,melo,2,1,18,2_3_2_1,Ca,emph,nat,zoom1,55,59,72,67,57,53,55,57,43,44,44,8,0,8,2,0,5,6
icshstnp_1401821761,27,man,melo,2,1,19,3_3_2_1,He,emph,nat,zoom1,56,54,60,52,51,52,53,56,59,60,27,8,0,8,2,0,5,6
icshstnp_1401821761,27,man,melo,2,1,20,4_1_2_1,St,met,nat,zoom1,63,58,54,64,41,46,46,46,40,55,48,8,0,8,2,0,5,6
icshstnp_1401821761,27,man,melo,2,1,21,3_2_1_2,He,conc,abs,zoom2,56,66,43,42,43,55,42,36,52,46,0,8,0,8,2,0,5,6
icshstnp_1401821761,27,man,melo,2,1,22,1_2_1_1,As,conc,abs,zoom1,55,66,43,46,41,39,43,40,39,43,49,8,0,8,2,0,5,6
icshstnp_1401821761,27,man,melo,2,1,23,3_1_1_1,He,met,abs,zoom1,68,50,55,52,52,52,57,53,51,68,51,8,0,8,2,0,5,6
icshstnp_1401821761,27,man,melo,2,1,24,3_3_1_2,He,emph,abs,zoom2,63,64,75,73,62,55,55,62,73,63,63,8,0,8,2,0,5,6
iorplsfo_1401460280,23,man,mus,2,2,1,2_1_2_1,Ca,met,nat,zoom1,76,78,14,88,0,0,0,17,0,23,0,4,0,4,8,0,0,3
iorplsfo_1401460280,23,man,mus,2,2,2,2_3_1_1,Ca,emph,abs,zoom1,57,55,9,57,8,0,0,22,15,0,0,4,0,4,8,0,0,3
iorplsfo_1401460280,23,man,mus,2,2,3,2_2_1_1,Ca,conc,abs,zoom1,46,34,0,24,5,0,0,5,0,0,0,4,0,4,8,0,0,3
iorplsfo_1401460280,23,man,mus,2,2,4,4_2_2_1,St,conc,nat,zoom1,62,62,0,37,6,0,5,0,0,7,0,4,0,4,8,0,0,3
iorplsfo_1401460280,23,man,mus,2,2,5,4_2_1_1,St,conc,abs,zoom1,38,38,7,8,20,0,0,5,0,0,0,4,0,4,8,0,0,3
iorplsfo_1401460280,23,man,mus,2,2,6,1_1_2_1,As,met,nat,zoom1,40,29,5,17,9,0,0,0,0,0,0,4,0,4,8,0,0,3
iorplsfo_1401460280,23,man,mus,2,2,7,2_2_2_2,Ca,conc,nat,zoom2,42,52,11,17,8,0,0,8,7,0,0,4,0,4,8,0,0,3
iorplsfo_1401460280,23,man,mus,2,2,8,3_1_2_2,He,met,nat,zoom2,49,48,11,21,5,0,0,8,10,0,0,4,0,4,8,0,0,3
iorplsfo_1401460280,23,man,mus,2,2,9,4_3_2_1,St,emph,nat,zoom1,52,56,20,37,0,0,5,0,0,0,0,4,0,4,8,0,0,3
iorplsfo_1401460280,23,man,mus,2,2,10,2_1_1_1,Ca,met,abs,zoom1,35,48,0,7,16,0,0,13,0,18,0,4,0,4,8,0,0,3
iorplsfo_1401460280,23,man,mus,2,2,12,1_2_2_1,As,conc,nat,zoom1,54,55,0,25,9,16,0,26,14,0,0,4,0,4,8,0,0,3
iorplsfo_1401460280,23,man,mus,2,2,13,1_3_1_1,As,emph,abs,zoom1,60,45,13,0,18,10,7,22,23,0,4,4,0,4,8,0,0,3
iorplsfo_1401460280,23,man,mus,2,2,14,4_3_1_1,St,emph,abs,zoom1,62,73,0,11,27,0,7,19,5,0,0,4,0,4,8,0,0,3
iorplsfo_1401460280,23,man,mus,2,2,15,1_1_1_1,As,met,abs,zoom1,34,16,0,13,12,0,6,0,0,0,0,4,0,4,8,0,0,3
iorplsfo_1401460280,23,man,mus,2,2,16,1_3_2_1,As,emph,nat,zoom1,29,32,26,9,0,0,0,0,0,5,0,4,0,4,8,0,0,3
iorplsfo_1401460280,23,man,mus,2,2,17,3_2_2_2,He,conc,nat,zoom2,34,38,0,0,9,8,9,0,0,0,8,4,0,4,8,0,0,3
iorplsfo_1401460280,23,man,mus,2,2,18,2_3_2_1,Ca,emph,nat,zoom1,36,32,11,9,0,0,0,0,0,7,0,4,0,4,8,0,0,3
iorplsfo_1401460280,23,man,mus,2,2,19,3_3_2_1,He,emph,nat,zoom1,64,76,7,38,0,0,19,16,0,0,0,4,0,4,8,0,0,3
iorplsfo_1401460280,23,man,mus,2,2,20,4_1_2_1,St,met,nat,zoom1,26,28,8,14,0,0,4,0,0,0,0,4,0,4,8,0,0,3
iorplsfo_1401460280,23,man,mus,2,2,21,3_2_1_2,He,conc,abs,zoom2,36,31,0,17,0,5,0,0,0,0,0,4,0,4,8,0,0,3
iorplsfo_1401460280,23,man,mus,2,2,22,1_2_1_1,As,conc,abs,zoom1,27,34,6,20,6,0,0,0,0,0,0,4,0,4,8,0,0,3
iorplsfo_1401460280,23,man,mus,2,2,23,3_1_1_1,He,met,abs,zoom1,51,54,0,28,8,0,4,0,0,0,0,4,0,4,8,0,0,3
iorplsfo_1401460280,23,man,mus,2,2,24,3_3_1_2,He,emph,abs,zoom2,47,57,0,16,6,7,15,0,0,7,0,4,0,4,8,0,0,3
irkzoywp_1401459873,25,woman,mus,2,1,1,2_1_2_1,Ca,met,nat,zoom1,28,0,20,7,13,0,0,0,9,4,2,5,0,2,7,0,4,5
irkzoywp_1401459873,25,woman,mus,2,1,2,2_3_1_1,Ca,emph,abs,zoom1,0,10,12,6,0,6,0,0,3,0,0,5,0,2,7,0,4,5
irkzoywp_1401459873,25,woman,mus,2,1,3,2_2_1_1,Ca,conc,abs,zoom1,16,8,17,11,0,12,0,4,14,0,0,5,0,2,7,0,4,5
irkzoywp_1401459873,25,woman,mus,2,1,4,4_2_2_1,St,conc,nat,zoom1,15,17,5,2,0,12,0,0,0,0,0,5,0,2,7,0,4,5
irkzoywp_1401459873,25,woman,mus,2,1,5,4_2_1_1,St,conc,abs,zoom1,21,61,12,5,0,6,0,13,5,2,0,5,0,2,7,0,4,5
irkzoywp_1401459873,25,woman,mus,2,1,6,1_1_2_1,As,met,nat,zoom1,0,0,0,0,0,0,66,0,0,0,7,5,0,2,7,0,4,5
irkzoywp_1401459873,25,woman,mus,2,1,7,2_2_2_2,Ca,conc,nat,zoom2,66,98,28,23,13,32,0,27,49,11,0,5,0,2,7,0,4,5
irkzoywp_1401459873,25,woman,mus,2,1,8,3_1_2_2,He,met,nat,zoom2,3,0,0,0,0,0,71,0,0,0,14,5,0,2,7,0,4,5
irkzoywp_1401459873,25,woman,mus,2,1,9,4_3_2_1,St,emph,nat,zoom1,32,71,20,78,0,13,0,0,0,0,0,5,0,2,7,0,4,5
irkzoywp_1401459873,25,woman,mus,2,1,10,2_1_1_1,Ca,met,abs,zoom1,5,0,0,0,0,0,23,0,0,0,3,5,0,2,7,0,4,5
irkzoywp_1401459873,25,woman,mus,2,1,12,1_2_2_1,As,conc,nat,zoom1,15,16,0,0,0,0,15,0,0,0,32,5,0,2,7,0,4,5
irkzoywp_1401459873,25,woman,mus,2,1,13,1_3_1_1,As,emph,abs,zoom1,2,0,0,26,0,0,0,0,0,0,0,5,0,2,7,0,4,5
irkzoywp_1401459873,25,woman,mus,2,1,14,4_3_1_1,St,emph,abs,zoom1,36,49,25,49,0,8,9,0,0,0,0,5,0,2,7,0,4,5
irkzoywp_1401459873,25,woman,mus,2,1,15,1_1_1_1,As,met,abs,zoom1,1,3,0,10,0,0,7,0,0,0,0,5,0,2,7,0,4,5
irkzoywp_1401459873,25,woman,mus,2,1,16,1_3_2_1,As,emph,nat,zoom1,27,23,0,8,0,0,0,0,0,0,0,5,0,2,7,0,4,5
irkzoywp_1401459873,25,woman,mus,2,1,17,3_2_2_2,He,conc,nat,zoom2,60,72,10,0,56,24,0,34,37,18,0,5,0,2,7,0,4,5
irkzoywp_1401459873,25,woman,mus,2,1,18,2_3_2_1,Ca,emph,nat,zoom1,38,78,0,23,0,0,25,0,0,0,57,5,0,2,7,0,4,5
irkzoywp_1401459873,25,woman,mus,2,1,19,3_3_2_1,He,emph,nat,zoom1,28,43,0,0,0,0,11,0,12,0,41,5,0,2,7,0,4,5
irkzoywp_1401459873,25,woman,mus,2,1,20,4_1_2_1,St,met,nat,zoom1,2,1,0,6,0,0,0,0,0,0,0,5,0,2,7,0,4,5
irkzoywp_1401459873,25,woman,mus,2,1,21,3_2_1_2,He,conc,abs,zoom2,39,39,0,0,6,0,0,13,0,14,0,5,0,2,7,0,4,5
irkzoywp_1401459873,25,woman,mus,2,1,22,1_2_1_1,As,conc,abs,zoom1,2,20,0,0,0,0,7,0,0,0,0,5,0,2,7,0,4,5
irkzoywp_1401459873,25,woman,mus,2,1,23,3_1_1_1,He,met,abs,zoom1,0,0,0,10,0,0,6,0,0,0,0,5,0,2,7,0,4,5
irkzoywp_1401459873,25,woman,mus,2,1,24,3_3_1_2,He,emph,abs,zoom2,56,56,22,0,24,0,0,0,0,36,0,5,0,2,7,0,4,5
isgbqzaw_1401784727,21,woman,mus,2,1,1,2_1_2_1,Ca,met,nat,zoom1,41,57,30,29,29,0,0,32,0,0,0,4,0,3,2,0,8,1
isgbqzaw_1401784727,21,woman,mus,2,1,2,2_3_1_1,Ca,emph,abs,zoom1,66,65,58,58,0,36,60,32,0,30,41,4,0,3,2,0,8,1
isgbqzaw_1401784727,21,woman,mus,2,1,3,2_2_1_1,Ca,conc,abs,zoom1,51,51,47,28,18,45,56,23,35,0,39,4,0,3,2,0,8,1
isgbqzaw_1401784727,21,woman,mus,2,1,4,4_2_2_1,St,conc,nat,zoom1,59,32,36,30,22,32,41,30,40,40,12,4,0,3,2,0,8,1
isgbqzaw_1401784727,21,woman,mus,2,1,5,4_2_1_1,St,conc,abs,zoom1,28,35,36,28,21,21,32,17,27,0,0,4,0,3,2,0,8,1
isgbqzaw_1401784727,21,woman,mus,2,1,6,1_1_2_1,As,met,nat,zoom1,0,47,16,25,32,0,48,0,64,0,56,4,0,3,2,0,8,1
isgbqzaw_1401784727,21,woman,mus,2,1,7,2_2_2_2,Ca,conc,nat,zoom2,0,40,49,43,33,43,47,0,24,37,26,4,0,3,2,0,8,1
isgbqzaw_1401784727,21,woman,mus,2,1,8,3_1_2_2,He,met,nat,zoom2,37,48,51,43,20,60,52,0,13,34,0,4,0,3,2,0,8,1
isgbqzaw_1401784727,21,woman,mus,2,1,9,4_3_2_1,St,emph,nat,zoom1,47,54,64,34,34,50,52,0,8,51,0,4,0,3,2,0,8,1
isgbqzaw_1401784727,21,woman,mus,2,1,10,2_1_1_1,Ca,met,abs,zoom1,23,45,22,23,44,0,38,0,67,52,0,4,0,3,2,0,8,1
isgbqzaw_1401784727,21,woman,mus,2,1,12,1_2_2_1,As,conc,nat,zoom1,26,30,27,26,65,47,36,0,53,53,16,4,0,3,2,0,8,1
isgbqzaw_1401784727,21,woman,mus,2,1,13,1_3_1_1,As,emph,abs,zoom1,13,18,16,18,18,0,8,0,16,8,0,4,0,3,2,0,8,1
isgbqzaw_1401784727,21,woman,mus,2,1,14,4_3_1_1,St,emph,abs,zoom1,23,15,20,15,10,0,0,0,0,0,0,4,0,3,2,0,8,1
isgbqzaw_1401784727,21,woman,mus,2,1,15,1_1_1_1,As,met,abs,zoom1,18,17,39,33,9,0,6,0,0,0,0,4,0,3,2,0,8,1
isgbqzaw_1401784727,21,woman,mus,2,1,16,1_3_2_1,As,emph,nat,zoom1,0,40,49,38,41,39,33,0,45,48,0,4,0,3,2,0,8,1
isgbqzaw_1401784727,21,woman,mus,2,1,17,3_2_2_2,He,conc,nat,zoom2,33,40,68,59,16,41,45,0,19,46,24,4,0,3,2,0,8,1
isgbqzaw_1401784727,21,woman,mus,2,1,18,2_3_2_1,Ca,emph,nat,zoom1,49,53,49,24,23,23,23,0,31,26,0,4,0,3,2,0,8,1
isgbqzaw_1401784727,21,woman,mus,2,1,19,3_3_2_1,He,emph,nat,zoom1,33,20,32,24,17,0,0,0,13,21,0,4,0,3,2,0,8,1
isgbqzaw_1401784727,21,woman,mus,2,1,20,4_1_2_1,St,met,nat,zoom1,27,25,42,37,11,0,19,0,20,20,0,4,0,3,2,0,8,1
isgbqzaw_1401784727,21,woman,mus,2,1,21,3_2_1_2,He,conc,abs,zoom2,36,29,35,34,33,34,34,0,42,50,0,4,0,3,2,0,8,1
isgbqzaw_1401784727,21,woman,mus,2,1,22,1_2_1_1,As,conc,abs,zoom1,35,25,49,50,17,25,0,0,27,39,0,4,0,3,2,0,8,1
isgbqzaw_1401784727,21,woman,mus,2,1,23,3_1_1_1,He,met,abs,zoom1,21,21,32,37,0,0,43,0,0,10,35,4,0,3,2,0,8,1
isgbqzaw_1401784727,21,woman,mus,2,1,24,3_3_1_2,He,emph,abs,zoom2,48,43,60,54,46,53,57,9,46,46,0,4,0,3,2,0,8,1
isnaxqvq_1401786528,37,woman,melo,2,2,1,2_1_2_1,Ca,met,nat,zoom1,10,7,11,0,0,0,0,0,0,0,0,5,0,6,4,3,3,5
isnaxqvq_1401786528,37,woman,melo,2,2,2,2_3_1_1,Ca,emph,abs,zoom1,48,61,61,56,0,0,0,0,68,0,0,5,0,6,4,3,3,5
isnaxqvq_1401786528,37,woman,melo,2,2,3,2_2_1_1,Ca,conc,abs,zoom1,58,66,54,0,0,0,0,0,66,0,0,5,0,6,4,3,3,5
isnaxqvq_1401786528,37,woman,melo,2,2,4,4_2_2_1,St,conc,nat,zoom1,46,65,71,43,0,0,0,0,56,0,0,5,0,6,4,3,3,5
isnaxqvq_1401786528,37,woman,melo,2,2,5,4_2_1_1,St,conc,abs,zoom1,44,50,39,0,0,0,0,0,40,0,0,5,0,6,4,3,3,5
isnaxqvq_1401786528,37,woman,melo,2,2,6,1_1_2_1,As,met,nat,zoom1,57,54,64,17,0,0,0,0,8,0,16,5,0,6,4,3,3,5
isnaxqvq_1401786528,37,woman,melo,2,2,7,2_2_2_2,Ca,conc,nat,zoom2,49,46,9,16,0,0,0,0,0,0,0,5,0,6,4,3,3,5
isnaxqvq_1401786528,37,woman,melo,2,2,8,3_1_2_2,He,met,nat,zoom2,58,48,24,0,0,0,13,0,0,0,20,5,0,6,4,3,3,5
isnaxqvq_1401786528,37,woman,melo,2,2,9,4_3_2_1,St,emph,nat,zoom1,58,56,39,26,0,0,0,0,36,0,0,5,0,6,4,3,3,5
isnaxqvq_1401786528,37,woman,melo,2,2,10,2_1_1_1,Ca,met,abs,zoom1,46,50,12,0,0,0,0,0,9,0,0,5,0,6,4,3,3,5
isnaxqvq_1401786528,37,woman,melo,2,2,12,1_2_2_1,As,conc,nat,zoom1,57,42,28,16,0,6,0,0,25,0,0,5,0,6,4,3,3,5
isnaxqvq_1401786528,37,woman,melo,2,2,13,1_3_1_1,As,emph,abs,zoom1,53,59,69,10,0,9,0,0,0,0,14,5,0,6,4,3,3,5
isnaxqvq_1401786528,37,woman,melo,2,2,14,4_3_1_1,St,emph,abs,zoom1,58,65,80,66,0,15,0,0,10,0,0,5,0,6,4,3,3,5
isnaxqvq_1401786528,37,woman,melo,2,2,15,1_1_1_1,As,met,abs,zoom1,59,64,60,42,0,7,5,0,0,0,0,5,0,6,4,3,3,5
isnaxqvq_1401786528,37,woman,melo,2,2,16,1_3_2_1,As,emph,nat,zoom1,53,52,37,8,0,0,9,0,0,0,4,5,0,6,4,3,3,5
isnaxqvq_1401786528,37,woman,melo,2,2,17,3_2_2_2,He,conc,nat,zoom2,71,73,76,72,0,0,0,0,0,0,0,5,0,6,4,3,3,5
isnaxqvq_1401786528,37,woman,melo,2,2,18,2_3_2_1,Ca,emph,nat,zoom1,64,55,62,17,0,0,0,0,13,0,0,5,0,6,4,3,3,5
isnaxqvq_1401786528,37,woman,melo,2,2,19,3_3_2_1,He,emph,nat,zoom1,57,58,56,36,0,7,19,0,0,0,0,5,0,6,4,3,3,5
isnaxqvq_1401786528,37,woman,melo,2,2,20,4_1_2_1,St,met,nat,zoom1,70,71,82,69,0,13,4,0,0,0,0,5,0,6,4,3,3,5
isnaxqvq_1401786528,37,woman,melo,2,2,21,3_2_1_2,He,conc,abs,zoom2,59,58,64,17,0,25,0,0,16,0,0,5,0,6,4,3,3,5
isnaxqvq_1401786528,37,woman,melo,2,2,22,1_2_1_1,As,conc,abs,zoom1,57,60,55,18,0,24,0,0,12,0,0,5,0,6,4,3,3,5
isnaxqvq_1401786528,37,woman,melo,2,2,23,3_1_1_1,He,met,abs,zoom1,49,60,53,13,0,0,9,0,0,0,0,5,0,6,4,3,3,5
isnaxqvq_1401786528,37,woman,melo,2,2,24,3_3_1_2,He,emph,abs,zoom2,61,60,66,60,0,7,0,0,0,0,0,5,0,6,4,3,3,5
iyjhwmwe_1401371054,24,man,mus,2,1,1,2_1_2_1,Ca,met,nat,zoom1,13,9,54,53,0,30,58,11,30,34,5,1,0,4,4,0,7,1
iyjhwmwe_1401371054,24,man,mus,2,1,2,2_3_1_1,Ca,emph,abs,zoom1,25,40,61,60,12,40,37,10,10,25,13,1,0,4,4,0,7,1
iyjhwmwe_1401371054,24,man,mus,2,1,3,2_2_1_1,Ca,conc,abs,zoom1,35,46,62,62,16,33,33,6,20,33,7,1,0,4,4,0,7,1
iyjhwmwe_1401371054,24,man,mus,2,1,4,4_2_2_1,St,conc,nat,zoom1,14,28,24,25,0,9,6,8,0,18,0,1,0,4,4,0,7,1
iyjhwmwe_1401371054,24,man,mus,2,1,5,4_2_1_1,St,conc,abs,zoom1,29,35,27,30,3,12,12,12,1,0,4,1,0,4,4,0,7,1
iyjhwmwe_1401371054,24,man,mus,2,1,6,1_1_2_1,As,met,nat,zoom1,2,7,3,6,10,2,0,3,4,5,0,1,0,4,4,0,7,1
iyjhwmwe_1401371054,24,man,mus,2,1,7,2_2_2_2,Ca,conc,nat,zoom2,23,48,47,46,3,10,2,16,14,5,8,1,0,4,4,0,7,1
iyjhwmwe_1401371054,24,man,mus,2,1,8,3_1_2_2,He,met,nat,zoom2,3,4,9,8,1,0,3,2,1,3,0,1,0,4,4,0,7,1
iyjhwmwe_1401371054,24,man,mus,2,1,9,4_3_2_1,St,emph,nat,zoom1,11,21,14,15,3,2,2,4,2,3,0,1,0,4,4,0,7,1
iyjhwmwe_1401371054,24,man,mus,2,1,10,2_1_1_1,Ca,met,abs,zoom1,7,20,13,13,2,0,0,2,2,7,0,1,0,4,4,0,7,1
iyjhwmwe_1401371054,24,man,mus,2,1,11,4_1_1_1,St,met,abs,zoom1,3,8,7,8,2,2,1,1,0,0,0,1,0,4,4,0,7,1
iyjhwmwe_1401371054,24,man,mus,2,1,12,1_2_2_1,As,conc,nat,zoom1,25,22,27,27,0,0,7,9,0,0,0,1,0,4,4,0,7,1
iyjhwmwe_1401371054,24,man,mus,2,1,13,1_3_1_1,As,emph,abs,zoom1,8,17,11,12,0,1,1,4,0,0,0,1,0,4,4,0,7,1
iyjhwmwe_1401371054,24,man,mus,2,1,14,4_3_1_1,St,emph,abs,zoom1,11,17,10,12,4,4,3,0,0,0,0,1,0,4,4,0,7,1
iyjhwmwe_1401371054,24,man,mus,2,1,15,1_1_1_1,As,met,abs,zoom1,13,22,20,18,0,0,0,0,0,0,0,1,0,4,4,0,7,1
iyjhwmwe_1401371054,24,man,mus,2,1,16,1_3_2_1,As,emph,nat,zoom1,26,35,21,21,7,1,14,2,6,15,0,1,0,4,4,0,7,1
iyjhwmwe_1401371054,24,man,mus,2,1,17,3_2_2_2,He,conc,nat,zoom2,23,27,37,39,4,0,11,0,0,0,0,1,0,4,4,0,7,1
iyjhwmwe_1401371054,24,man,mus,2,1,18,2_3_2_1,Ca,emph,nat,zoom1,17,26,12,1,7,0,4,0,14,0,0,1,0,4,4,0,7,1
iyjhwmwe_1401371054,24,man,mus,2,1,19,3_3_2_1,He,emph,nat,zoom1,38,10,37,5,2,0,0,0,0,0,0,1,0,4,4,0,7,1
iyjhwmwe_1401371054,24,man,mus,2,1,20,4_1_2_1,St,met,nat,zoom1,7,18,8,11,0,0,0,0,0,0,0,1,0,4,4,0,7,1
iyjhwmwe_1401371054,24,man,mus,2,1,21,3_2_1_2,He,conc,abs,zoom2,13,31,18,23,0,0,0,0,0,0,0,1,0,4,4,0,7,1
iyjhwmwe_1401371054,24,man,mus,2,1,22,1_2_1_1,As,conc,abs,zoom1,12,11,6,3,0,0,0,0,0,0,0,1,0,4,4,0,7,1
iyjhwmwe_1401371054,24,man,mus,2,1,23,3_1_1_1,He,met,abs,zoom1,14,14,10,3,0,0,0,0,0,0,0,1,0,4,4,0,7,1
iyjhwmwe_1401371054,24,man,mus,2,1,24,3_3_1_2,He,emph,abs,zoom2,14,18,9,8,17,0,0,0,0,0,12,1,0,4,4,0,7,1
lkghkxit_1401782613,19,woman,melo,2,2,1,2_1_2_1,Ca,met,nat,zoom1,26,48,61,67,2,0,0,0,10,52,0,5,0,2,5,0,0,7
lkghkxit_1401782613,19,woman,melo,2,2,2,2_3_1_1,Ca,emph,abs,zoom1,77,85,56,80,3,0,0,0,48,88,0,5,0,2,5,0,0,7
lkghkxit_1401782613,19,woman,melo,2,2,3,2_2_1_1,Ca,conc,abs,zoom1,81,89,2,89,0,6,0,0,35,66,0,5,0,2,5,0,0,7
lkghkxit_1401782613,19,woman,melo,2,2,4,4_2_2_1,St,conc,nat,zoom1,63,63,27,52,45,0,0,0,17,35,0,5,0,2,5,0,0,7
lkghkxit_1401782613,19,woman,melo,2,2,5,4_2_1_1,St,conc,abs,zoom1,80,81,42,65,6,1,0,0,6,62,0,5,0,2,5,0,0,7
lkghkxit_1401782613,19,woman,melo,2,2,6,1_1_2_1,As,met,nat,zoom1,21,7,4,18,1,0,0,0,0,3,0,5,0,2,5,0,0,7
lkghkxit_1401782613,19,woman,melo,2,2,7,2_2_2_2,Ca,conc,nat,zoom2,92,97,55,75,10,6,0,2,8,93,0,5,0,2,5,0,0,7
lkghkxit_1401782613,19,woman,melo,2,2,8,3_1_2_2,He,met,nat,zoom2,10,29,2,37,1,0,0,0,0,6,0,5,0,2,5,0,0,7
lkghkxit_1401782613,19,woman,melo,2,2,9,4_3_2_1,St,emph,nat,zoom1,72,87,11,83,1,4,0,5,14,79,0,5,0,2,5,0,0,7
lkghkxit_1401782613,19,woman,melo,2,2,10,2_1_1_1,Ca,met,abs,zoom1,41,21,6,54,0,0,0,0,0,9,0,5,0,2,5,0,0,7
lkghkxit_1401782613,19,woman,melo,2,2,12,1_2_2_1,As,conc,nat,zoom1,53,50,8,59,3,1,0,0,1,35,0,5,0,2,5,0,0,7
lkghkxit_1401782613,19,woman,melo,2,2,13,1_3_1_1,As,emph,abs,zoom1,46,43,5,58,0,0,0,0,2,29,0,5,0,2,5,0,0,7
lkghkxit_1401782613,19,woman,melo,2,2,14,4_3_1_1,St,emph,abs,zoom1,71,68,19,54,13,9,0,31,34,56,0,5,0,2,5,0,0,7
lkghkxit_1401782613,19,woman,melo,2,2,15,1_1_1_1,As,met,abs,zoom1,15,27,2,25,0,0,0,0,0,6,0,5,0,2,5,0,0,7
lkghkxit_1401782613,19,woman,melo,2,2,16,1_3_2_1,As,emph,nat,zoom1,50,70,2,43,34,0,0,4,4,25,0,5,0,2,5,0,0,7
lkghkxit_1401782613,19,woman,melo,2,2,17,3_2_2_2,He,conc,nat,zoom2,69,60,5,55,9,0,0,3,8,32,0,5,0,2,5,0,0,7
lkghkxit_1401782613,19,woman,melo,2,2,18,2_3_2_1,Ca,emph,nat,zoom1,53,36,3,24,39,0,6,0,0,2,0,5,0,2,5,0,0,7
lkghkxit_1401782613,19,woman,melo,2,2,19,3_3_2_1,He,emph,nat,zoom1,55,57,3,15,51,0,0,16,4,52,0,5,0,2,5,0,0,7
lkghkxit_1401782613,19,woman,melo,2,2,20,4_1_2_1,St,met,nat,zoom1,6,4,0,32,0,0,5,0,0,0,0,5,0,2,5,0,0,7
lkghkxit_1401782613,19,woman,melo,2,2,21,3_2_1_2,He,conc,abs,zoom2,36,25,0,29,0,0,0,0,0,13,0,5,0,2,5,0,0,7
lkghkxit_1401782613,19,woman,melo,2,2,22,1_2_1_1,As,conc,abs,zoom1,29,5,0,22,0,0,3,0,0,0,0,5,0,2,5,0,0,7
lkghkxit_1401782613,19,woman,melo,2,2,23,3_1_1_1,He,met,abs,zoom1,6,1,7,40,0,0,0,0,0,32,0,5,0,2,5,0,0,7
lkghkxit_1401782613,19,woman,melo,2,2,24,3_3_1_2,He,emph,abs,zoom2,77,90,4,50,47,3,0,4,40,53,0,5,0,2,5,0,0,7
lzgfacuy_1401791510,21,woman,melo,2,1,1,2_1_2_1,Ca,met,nat,zoom1,23,39,42,42,0,0,0,0,10,5,0,7,0,3,6,0,8,5
lzgfacuy_1401791510,21,woman,melo,2,1,2,2_3_1_1,Ca,emph,abs,zoom1,22,52,20,29,0,0,0,0,0,0,0,7,0,3,6,0,8,5
lzgfacuy_1401791510,21,woman,melo,2,1,3,2_2_1_1,Ca,conc,abs,zoom1,0,62,24,30,0,0,0,0,0,13,0,7,0,3,6,0,8,5
lzgfacuy_1401791510,21,woman,melo,2,1,4,4_2_2_1,St,conc,nat,zoom1,0,75,30,44,0,0,0,0,0,0,0,7,0,3,6,0,8,5
lzgfacuy_1401791510,21,woman,melo,2,1,5,4_2_1_1,St,conc,abs,zoom1,24,43,37,14,0,0,0,0,0,0,0,7,0,3,6,0,8,5
lzgfacuy_1401791510,21,woman,melo,2,1,6,1_1_2_1,As,met,nat,zoom1,31,23,36,22,0,0,0,0,0,0,0,7,0,3,6,0,8,5
lzgfacuy_1401791510,21,woman,melo,2,1,7,2_2_2_2,Ca,conc,nat,zoom2,52,76,39,20,0,0,0,0,0,0,0,7,0,3,6,0,8,5
lzgfacuy_1401791510,21,woman,melo,2,1,8,3_1_2_2,He,met,nat,zoom2,44,41,38,31,0,0,0,0,0,0,0,7,0,3,6,0,8,5
lzgfacuy_1401791510,21,woman,melo,2,1,9,4_3_2_1,St,emph,nat,zoom1,51,69,49,31,0,0,0,0,0,0,0,7,0,3,6,0,8,5
lzgfacuy_1401791510,21,woman,melo,2,1,10,2_1_1_1,Ca,met,abs,zoom1,30,18,40,25,0,0,0,0,0,0,0,7,0,3,6,0,8,5
lzgfacuy_1401791510,21,woman,melo,2,1,12,1_2_2_1,As,conc,nat,zoom1,34,45,39,23,0,0,0,0,0,0,0,7,0,3,6,0,8,5
lzgfacuy_1401791510,21,woman,melo,2,1,13,1_3_1_1,As,emph,abs,zoom1,22,26,28,20,0,0,0,0,0,0,0,7,0,3,6,0,8,5
lzgfacuy_1401791510,21,woman,melo,2,1,14,4_3_1_1,St,emph,abs,zoom1,48,71,42,30,0,0,0,0,0,0,0,7,0,3,6,0,8,5
lzgfacuy_1401791510,21,woman,melo,2,1,15,1_1_1_1,As,met,abs,zoom1,32,24,37,30,0,0,0,0,0,0,0,7,0,3,6,0,8,5
lzgfacuy_1401791510,21,woman,melo,2,1,16,1_3_2_1,As,emph,nat,zoom1,38,36,46,32,0,0,0,0,0,0,0,7,0,3,6,0,8,5
lzgfacuy_1401791510,21,woman,melo,2,1,17,3_2_2_2,He,conc,nat,zoom2,24,36,22,25,0,0,0,0,0,0,0,7,0,3,6,0,8,5
lzgfacuy_1401791510,21,woman,melo,2,1,18,2_3_2_1,Ca,emph,nat,zoom1,31,11,26,27,0,0,0,0,0,0,0,7,0,3,6,0,8,5
lzgfacuy_1401791510,21,woman,melo,2,1,19,3_3_2_1,He,emph,nat,zoom1,38,47,42,36,0,0,0,0,0,0,0,7,0,3,6,0,8,5
lzgfacuy_1401791510,21,woman,melo,2,1,20,4_1_2_1,St,met,nat,zoom1,22,23,35,28,0,0,0,0,0,0,0,7,0,3,6,0,8,5
lzgfacuy_1401791510,21,woman,melo,2,1,21,3_2_1_2,He,conc,abs,zoom2,19,32,38,32,0,0,0,0,0,0,0,7,0,3,6,0,8,5
lzgfacuy_1401791510,21,woman,melo,2,1,22,1_2_1_1,As,conc,abs,zoom1,22,23,34,27,0,0,0,0,0,0,0,7,0,3,6,0,8,5
lzgfacuy_1401791510,21,woman,melo,2,1,23,3_1_1_1,He,met,abs,zoom1,27,20,38,31,0,0,0,0,0,0,0,7,0,3,6,0,8,5
lzgfacuy_1401791510,21,woman,melo,2,1,24,3_3_1_2,He,emph,abs,zoom2,26,42,36,44,0,0,0,0,0,0,0,7,0,3,6,0,8,5
nevkmwjh_1401724867,26,man,melo,2,1,1,2_1_2_1,Ca,met,nat,zoom1,65,75,21,18,18,69,19,75,76,73,14,3,0,7,4,0,1,7
nevkmwjh_1401724867,26,man,melo,2,1,2,2_3_1_1,Ca,emph,abs,zoom1,64,57,30,24,9,63,18,41,38,54,7,3,0,7,4,0,1,7
nevkmwjh_1401724867,26,man,melo,2,1,3,2_2_1_1,Ca,conc,abs,zoom1,43,38,42,29,7,29,24,26,33,39,6,3,0,7,4,0,1,7
nevkmwjh_1401724867,26,man,melo,2,1,4,4_2_2_1,St,conc,nat,zoom1,51,54,47,14,16,42,9,31,26,40,10,3,0,7,4,0,1,7
nevkmwjh_1401724867,26,man,melo,2,1,5,4_2_1_1,St,conc,abs,zoom1,57,51,59,9,17,60,15,49,47,47,6,3,0,7,4,0,1,7
nevkmwjh_1401724867,26,man,melo,2,1,6,1_1_2_1,As,met,nat,zoom1,42,38,30,21,9,40,4,15,40,46,1,3,0,7,4,0,1,7
nevkmwjh_1401724867,26,man,melo,2,1,7,2_2_2_2,Ca,conc,nat,zoom2,51,51,45,8,8,48,5,41,38,45,6,3,0,7,4,0,1,7
nevkmwjh_1401724867,26,man,melo,2,1,8,3_1_2_2,He,met,nat,zoom2,36,31,18,16,41,37,24,32,28,31,36,3,0,7,4,0,1,7
nevkmwjh_1401724867,26,man,melo,2,1,9,4_3_2_1,St,emph,nat,zoom1,61,89,53,52,2,54,3,28,32,46,0,3,0,7,4,0,1,7
nevkmwjh_1401724867,26,man,melo,2,1,10,2_1_1_1,Ca,met,abs,zoom1,37,38,25,16,53,30,21,38,26,46,39,3,0,7,4,0,1,7
nevkmwjh_1401724867,26,man,melo,2,1,11,4_1_1_1,St,met,abs,zoom1,36,42,24,16,29,35,0,35,40,34,21,3,0,7,4,0,1,7
nevkmwjh_1401724867,26,man,melo,2,1,12,1_2_2_1,As,conc,nat,zoom1,51,69,16,10,52,77,16,71,64,58,9,3,0,7,4,0,1,7
nevkmwjh_1401724867,26,man,melo,2,1,13,1_3_1_1,As,emph,abs,zoom1,65,61,33,48,18,29,73,38,22,27,45,3,0,7,4,0,1,7
nevkmwjh_1401724867,26,man,melo,2,1,14,4_3_1_1,St,emph,abs,zoom1,67,58,64,63,7,69,39,36,43,32,11,3,0,7,4,0,1,7
nevkmwjh_1401724867,26,man,melo,2,1,15,1_1_1_1,As,met,abs,zoom1,38,27,24,13,30,22,37,17,42,18,4,3,0,7,4,0,1,7
nevkmwjh_1401724867,26,man,melo,2,1,16,1_3_2_1,As,emph,nat,zoom1,29,19,23,9,30,24,16,35,15,23,4,3,0,7,4,0,1,7
nevkmwjh_1401724867,26,man,melo,2,1,17,3_2_2_2,He,conc,nat,zoom2,56,68,63,42,3,45,18,44,31,56,20,3,0,7,4,0,1,7
nevkmwjh_1401724867,26,man,melo,2,1,18,2_3_2_1,Ca,emph,nat,zoom1,35,38,40,36,5,50,18,31,42,48,4,3,0,7,4,0,1,7
nevkmwjh_1401724867,26,man,melo,2,1,19,3_3_2_1,He,emph,nat,zoom1,37,33,45,27,1,51,10,34,28,47,2,3,0,7,4,0,1,7
nevkmwjh_1401724867,26,man,melo,2,1,20,4_1_2_1,St,met,nat,zoom1,59,76,52,40,2,51,10,35,40,46,0,3,0,7,4,0,1,7
nevkmwjh_1401724867,26,man,melo,2,1,21,3_2_1_2,He,conc,abs,zoom2,53,75,65,44,0,41,10,33,38,45,0,3,0,7,4,0,1,7
nevkmwjh_1401724867,26,man,melo,2,1,22,1_2_1_1,As,conc,abs,zoom1,40,32,46,28,0,37,7,26,32,38,0,3,0,7,4,0,1,7
nevkmwjh_1401724867,26,man,melo,2,1,23,3_1_1_1,He,met,abs,zoom1,43,43,32,29,2,44,9,37,26,45,0,3,0,7,4,0,1,7
nevkmwjh_1401724867,26,man,melo,2,1,24,3_3_1_2,He,emph,abs,zoom2,57,66,28,21,46,31,11,55,40,30,16,3,0,7,4,0,1,7
nvuxzqny_1401473337,24,man,melo,2,2,1,2_1_2_1,Ca,met,nat,zoom1,22,2,27,7,6,0,2,0,0,0,0,2,0,0,4,0,9,5
nvuxzqny_1401473337,24,man,melo,2,2,2,2_3_1_1,Ca,emph,abs,zoom1,44,42,32,23,21,10,6,8,2,2,0,2,0,0,4,0,9,5
nvuxzqny_1401473337,24,man,melo,2,2,3,2_2_1_1,Ca,conc,abs,zoom1,38,30,24,17,14,2,2,1,1,1,0,2,0,0,4,0,9,5
nvuxzqny_1401473337,24,man,melo,2,2,4,4_2_2_1,St,conc,nat,zoom1,33,22,23,20,19,2,5,0,0,0,0,2,0,0,4,0,9,5
nvuxzqny_1401473337,24,man,melo,2,2,5,4_2_1_1,St,conc,abs,zoom1,43,42,30,21,19,4,2,4,1,0,0,2,0,0,4,0,9,5
nvuxzqny_1401473337,24,man,melo,2,2,6,1_1_2_1,As,met,nat,zoom1,9,5,6,4,1,0,1,0,0,0,0,2,0,0,4,0,9,5
nvuxzqny_1401473337,24,man,melo,2,2,7,2_2_2_2,Ca,conc,nat,zoom2,50,46,37,29,28,9,2,15,4,3,0,2,0,0,4,0,9,5
nvuxzqny_1401473337,24,man,melo,2,2,8,3_1_2_2,He,met,nat,zoom2,12,7,5,4,0,1,0,0,0,0,0,2,0,0,4,0,9,5
nvuxzqny_1401473337,24,man,melo,2,2,9,4_3_2_1,St,emph,nat,zoom1,33,32,20,13,9,2,6,4,1,1,0,2,0,0,4,0,9,5
nvuxzqny_1401473337,24,man,melo,2,2,10,2_1_1_1,Ca,met,abs,zoom1,25,23,11,7,3,0,3,0,0,0,0,2,0,0,4,0,9,5
nvuxzqny_1401473337,24,man,melo,2,2,11,4_1_1_1,St,met,abs,zoom1,27,19,16,10,9,0,3,0,0,0,0,2,0,0,4,0,9,5
nvuxzqny_1401473337,24,man,melo,2,2,12,1_2_2_1,As,conc,nat,zoom1,35,31,24,18,12,5,2,3,2,2,0,2,0,0,4,0,9,5
nvuxzqny_1401473337,24,man,melo,2,2,13,1_3_1_1,As,emph,abs,zoom1,42,37,33,29,24,8,4,0,5,7,0,2,0,0,4,0,9,5
nvuxzqny_1401473337,24,man,melo,2,2,14,4_3_1_1,St,emph,abs,zoom1,39,36,30,21,17,5,3,4,2,2,0,2,0,0,4,0,9,5
nvuxzqny_1401473337,24,man,melo,2,2,15,1_1_1_1,As,met,abs,zoom1,11,6,5,3,0,0,1,0,0,0,0,2,0,0,4,0,9,5
nvuxzqny_1401473337,24,man,melo,2,2,16,1_3_2_1,As,emph,nat,zoom1,20,18,13,10,6,2,1,0,1,1,0,2,0,0,4,0,9,5
nvuxzqny_1401473337,24,man,melo,2,2,17,3_2_2_2,He,conc,nat,zoom2,30,24,20,14,11,0,0,3,2,2,0,2,0,0,4,0,9,5
nvuxzqny_1401473337,24,man,melo,2,2,18,2_3_2_1,Ca,emph,nat,zoom1,29,23,17,12,6,1,4,2,0,3,0,2,0,0,4,0,9,5
nvuxzqny_1401473337,24,man,melo,2,2,19,3_3_2_1,He,emph,nat,zoom1,50,45,35,29,29,10,5,12,4,1,0,2,0,0,4,0,9,5
nvuxzqny_1401473337,24,man,melo,2,2,20,4_1_2_1,St,met,nat,zoom1,5,1,1,1,0,0,1,0,0,0,0,2,0,0,4,0,9,5
nvuxzqny_1401473337,24,man,melo,2,2,21,3_2_1_2,He,conc,abs,zoom2,33,29,22,17,13,4,6,2,3,2,0,2,0,0,4,0,9,5
nvuxzqny_1401473337,24,man,melo,2,2,22,1_2_1_1,As,conc,abs,zoom1,13,9,4,3,1,0,2,0,0,0,0,2,0,0,4,0,9,5
nvuxzqny_1401473337,24,man,melo,2,2,23,3_1_1_1,He,met,abs,zoom1,6,5,2,1,1,0,0,0,0,0,0,2,0,0,4,0,9,5
nvuxzqny_1401473337,24,man,melo,2,2,24,3_3_1_2,He,emph,abs,zoom2,43,32,25,19,17,6,5,2,3,2,0,2,0,0,4,0,9,5
pelvoful_1401203777,100,man,mus,2,1,1,2_1_2_1,Ca,met,nat,zoom1,16,14,23,29,0,17,19,24,25,29,13,1,1,1,1,1,1,1
pelvoful_1401203777,100,man,mus,2,1,2,2_3_1_1,Ca,emph,abs,zoom1,10,9,11,29,9,17,10,17,7,8,9,1,1,1,1,1,1,1
pelvoful_1401203777,100,man,mus,2,1,3,2_2_1_1,Ca,conc,abs,zoom1,25,50,13,13,8,18,11,11,11,11,12,1,1,1,1,1,1,1
pelvoful_1401203777,100,man,mus,2,1,4,4_2_2_1,St,conc,nat,zoom1,40,53,18,15,18,19,17,16,14,10,11,1,1,1,1,1,1,1
pelvoful_1401203777,100,man,mus,2,1,5,4_2_1_1,St,conc,abs,zoom1,26,29,17,20,12,13,16,19,21,25,16,1,1,1,1,1,1,1
pelvoful_1401203777,100,man,mus,2,1,6,1_1_2_1,As,met,nat,zoom1,13,17,7,6,6,6,17,13,8,9,24,1,1,1,1,1,1,1
pelvoful_1401203777,100,man,mus,2,1,7,2_2_2_2,Ca,conc,nat,zoom2,40,23,48,31,24,24,23,25,21,21,21,1,1,1,1,1,1,1
pelvoful_1401203777,100,man,mus,2,1,8,3_1_2_2,He,met,nat,zoom2,29,28,20,20,9,23,34,23,17,19,17,1,1,1,1,1,1,1
pelvoful_1401203777,100,man,mus,2,1,9,4_3_2_1,St,emph,nat,zoom1,73,73,57,49,20,49,39,36,30,38,33,1,1,1,1,1,1,1
pelvoful_1401203777,100,man,mus,2,1,10,2_1_1_1,Ca,met,abs,zoom1,36,39,21,16,17,16,16,22,15,12,12,1,1,1,1,1,1,1
pelvoful_1401203777,100,man,mus,2,1,11,4_1_1_1,St,met,abs,zoom1,38,16,30,24,20,20,22,22,22,18,17,1,1,1,1,1,1,1
pelvoful_1401203777,100,man,mus,2,1,12,1_2_2_1,As,conc,nat,zoom1,63,71,48,33,23,32,25,27,24,54,24,1,1,1,1,1,1,1
pelvoful_1401203777,100,man,mus,2,1,13,1_3_1_1,As,emph,abs,zoom1,40,48,26,29,26,13,12,19,11,10,10,1,1,1,1,1,1,1
pelvoful_1401203777,100,man,mus,2,1,14,4_3_1_1,St,emph,abs,zoom1,61,49,43,43,43,37,35,33,33,29,27,1,1,1,1,1,1,1
pelvoful_1401203777,100,man,mus,2,1,15,1_1_1_1,As,met,abs,zoom1,43,46,36,27,25,21,26,27,27,20,21,1,1,1,1,1,1,1
pelvoful_1401203777,100,man,mus,2,1,16,1_3_2_1,As,emph,nat,zoom1,52,47,30,28,25,25,24,23,23,20,20,1,1,1,1,1,1,1
pelvoful_1401203777,100,man,mus,2,1,17,3_2_2_2,He,conc,nat,zoom2,45,55,26,21,15,19,16,33,16,22,23,1,1,1,1,1,1,1
pelvoful_1401203777,100,man,mus,2,1,18,2_3_2_1,Ca,emph,nat,zoom1,62,62,42,33,31,29,30,28,27,30,29,1,1,1,1,1,1,1
pelvoful_1401203777,100,man,mus,2,1,19,3_3_2_1,He,emph,nat,zoom1,70,54,35,24,22,28,17,22,21,20,24,1,1,1,1,1,1,1
pelvoful_1401203777,100,man,mus,2,1,20,4_1_2_1,St,met,nat,zoom1,44,64,30,28,23,23,19,25,19,18,25,1,1,1,1,1,1,1
pelvoful_1401203777,100,man,mus,2,1,21,3_2_1_2,He,conc,abs,zoom2,73,68,32,34,22,30,30,27,24,20,14,1,1,1,1,1,1,1
pelvoful_1401203777,100,man,mus,2,1,22,1_2_1_1,As,conc,abs,zoom1,50,42,29,24,17,17,18,16,15,15,13,1,1,1,1,1,1,1
pelvoful_1401203777,100,man,mus,2,1,23,3_1_1_1,He,met,abs,zoom1,48,60,33,27,29,26,19,22,28,21,29,1,1,1,1,1,1,1
pelvoful_1401203777,100,man,mus,2,1,24,3_3_1_2,He,emph,abs,zoom2,74,65,37,24,22,26,21,19,25,26,19,1,1,1,1,1,1,1
pxtttowk_1401462601,22,man,melo,2,1,1,2_1_2_1,Ca,met,nat,zoom1,41,48,40,49,14,31,15,10,28,22,0,2,0,1,6,0,8,3
pxtttowk_1401462601,22,man,melo,2,1,2,2_3_1_1,Ca,emph,abs,zoom1,68,49,20,11,22,37,14,50,34,17,10,2,0,1,6,0,8,3
pxtttowk_1401462601,22,man,melo,2,1,3,2_2_1_1,Ca,conc,abs,zoom1,55,23,17,30,9,24,5,39,8,9,0,2,0,1,6,0,8,3
pxtttowk_1401462601,22,man,melo,2,1,4,4_2_2_1,St,conc,nat,zoom1,37,22,16,6,22,5,22,9,20,12,26,2,0,1,6,0,8,3
pxtttowk_1401462601,22,man,melo,2,1,5,4_2_1_1,St,conc,abs,zoom1,19,37,25,11,7,18,8,25,12,11,8,2,0,1,6,0,8,3
pxtttowk_1401462601,22,man,melo,2,1,6,1_1_2_1,As,met,nat,zoom1,21,21,9,12,14,8,16,10,27,8,14,2,0,1,6,0,8,3
pxtttowk_1401462601,22,man,melo,2,1,7,2_2_2_2,Ca,conc,nat,zoom2,38,22,35,30,38,32,17,37,13,30,16,2,0,1,6,0,8,3
pxtttowk_1401462601,22,man,melo,2,1,8,3_1_2_2,He,met,nat,zoom2,22,22,10,23,15,27,15,19,14,21,10,2,0,1,6,0,8,3
pxtttowk_1401462601,22,man,melo,2,1,9,4_3_2_1,St,emph,nat,zoom1,20,37,11,27,16,23,7,32,5,29,11,2,0,1,6,0,8,3
pxtttowk_1401462601,22,man,melo,2,1,10,2_1_1_1,Ca,met,abs,zoom1,31,19,15,23,27,8,23,19,10,11,22,2,0,1,6,0,8,3
pxtttowk_1401462601,22,man,melo,2,1,12,1_2_2_1,As,conc,nat,zoom1,18,18,7,20,13,17,29,16,33,13,24,2,0,1,6,0,8,3
pxtttowk_1401462601,22,man,melo,2,1,13,1_3_1_1,As,emph,abs,zoom1,37,21,7,7,12,26,9,28,9,10,3,2,0,1,6,0,8,3
pxtttowk_1401462601,22,man,melo,2,1,14,4_3_1_1,St,emph,abs,zoom1,17,13,10,16,10,13,8,12,11,11,12,2,0,1,6,0,8,3
pxtttowk_1401462601,22,man,melo,2,1,15,1_1_1_1,As,met,abs,zoom1,15,19,12,11,15,8,16,5,19,7,11,2,0,1,6,0,8,3
pxtttowk_1401462601,22,man,melo,2,1,16,1_3_2_1,As,emph,nat,zoom1,29,22,10,25,16,23,12,24,16,22,10,2,0,1,6,0,8,3
pxtttowk_1401462601,22,man,melo,2,1,17,3_2_2_2,He,conc,nat,zoom2,20,16,10,9,26,9,10,14,18,7,12,2,0,1,6,0,8,3
pxtttowk_1401462601,22,man,melo,2,1,18,2_3_2_1,Ca,emph,nat,zoom1,33,17,13,21,13,13,8,11,20,9,9,2,0,1,6,0,8,3
pxtttowk_1401462601,22,man,melo,2,1,19,3_3_2_1,He,emph,nat,zoom1,32,9,13,15,21,13,13,21,10,13,18,2,0,1,6,0,8,3
pxtttowk_1401462601,22,man,melo,2,1,20,4_1_2_1,St,met,nat,zoom1,34,22,13,17,19,13,10,19,8,15,8,2,0,1,6,0,8,3
pxtttowk_1401462601,22,man,melo,2,1,21,3_2_1_2,He,conc,abs,zoom2,39,16,12,24,13,27,13,18,8,17,11,2,0,1,6,0,8,3
pxtttowk_1401462601,22,man,melo,2,1,22,1_2_1_1,As,conc,abs,zoom1,14,14,19,12,21,11,19,15,15,7,15,2,0,1,6,0,8,3
pxtttowk_1401462601,22,man,melo,2,1,23,3_1_1_1,He,met,abs,zoom1,23,13,12,17,15,10,21,12,17,13,18,2,0,1,6,0,8,3
pxtttowk_1401462601,22,man,melo,2,1,24,3_3_1_2,He,emph,abs,zoom2,19,9,12,21,14,25,17,12,14,9,15,2,0,1,6,0,8,3
pyrnamtq_1401730316,26,man,mus,2,2,1,2_1_2_1,Ca,met,nat,zoom1,15,10,45,48,12,14,13,16,16,49,12,9,8,0,0,8,5,0
pyrnamtq_1401730316,26,man,mus,2,2,2,2_3_1_1,Ca,emph,abs,zoom1,72,63,64,65,12,12,13,12,11,70,12,9,8,0,0,8,5,0
pyrnamtq_1401730316,26,man,mus,2,2,3,2_2_1_1,Ca,conc,abs,zoom1,50,36,33,33,1,1,2,5,0,33,2,9,8,0,0,8,5,0
pyrnamtq_1401730316,26,man,mus,2,2,4,4_2_2_1,St,conc,nat,zoom1,77,88,72,6,6,4,6,5,5,81,7,9,8,0,0,8,5,0
pyrnamtq_1401730316,26,man,mus,2,2,5,4_2_1_1,St,conc,abs,zoom1,25,43,12,8,5,1,1,1,4,53,6,9,8,0,0,8,5,0
pyrnamtq_1401730316,26,man,mus,2,2,6,1_1_2_1,As,met,nat,zoom1,5,11,7,4,5,5,86,6,8,4,5,9,8,0,0,8,5,0
pyrnamtq_1401730316,26,man,mus,2,2,7,2_2_2_2,Ca,conc,nat,zoom2,79,89,78,6,6,7,7,5,4,100,6,9,8,0,0,8,5,0
pyrnamtq_1401730316,26,man,mus,2,2,8,3_1_2_2,He,met,nat,zoom2,6,12,2,4,3,4,90,5,5,5,6,9,8,0,0,8,5,0
pyrnamtq_1401730316,26,man,mus,2,2,9,4_3_2_1,St,emph,nat,zoom1,91,42,46,59,7,8,9,5,9,74,11,9,8,0,0,8,5,0
pyrnamtq_1401730316,26,man,mus,2,2,10,2_1_1_1,Ca,met,abs,zoom1,10,7,6,8,6,5,91,5,9,5,10,9,8,0,0,8,5,0
pyrnamtq_1401730316,26,man,mus,2,2,11,4_1_1_1,St,met,abs,zoom1,5,8,4,4,7,4,44,4,5,5,7,9,8,0,0,8,5,0
pyrnamtq_1401730316,26,man,mus,2,2,12,1_2_2_1,As,conc,nat,zoom1,44,43,6,8,7,9,8,6,8,7,5,9,8,0,0,8,5,0
pyrnamtq_1401730316,26,man,mus,2,2,13,1_3_1_1,As,emph,abs,zoom1,85,66,7,5,5,6,6,5,9,12,11,9,8,0,0,8,5,0
pyrnamtq_1401730316,26,man,mus,2,2,14,4_3_1_1,St,emph,abs,zoom1,91,34,14,9,9,12,4,12,9,73,31,9,8,0,0,8,5,0
pyrnamtq_1401730316,26,man,mus,2,2,15,1_1_1_1,As,met,abs,zoom1,6,9,5,5,7,6,80,5,7,7,7,9,8,0,0,8,5,0
pyrnamtq_1401730316,26,man,mus,2,2,16,1_3_2_1,As,emph,nat,zoom1,91,87,63,11,12,11,10,11,7,75,8,9,8,0,0,8,5,0
pyrnamtq_1401730316,26,man,mus,2,2,17,3_2_2_2,He,conc,nat,zoom2,52,45,4,49,6,7,6,8,4,45,7,9,8,0,0,8,5,0
pyrnamtq_1401730316,26,man,mus,2,2,18,2_3_2_1,Ca,emph,nat,zoom1,48,44,10,11,10,10,9,9,10,10,8,9,8,0,0,8,5,0
pyrnamtq_1401730316,26,man,mus,2,2,19,3_3_2_1,He,emph,nat,zoom1,88,84,74,7,7,6,7,6,8,84,7,9,8,0,0,8,5,0
pyrnamtq_1401730316,26,man,mus,2,2,20,4_1_2_1,St,met,nat,zoom1,4,5,5,6,4,6,5,7,5,6,5,9,8,0,0,8,5,0
pyrnamtq_1401730316,26,man,mus,2,2,21,3_2_1_2,He,conc,abs,zoom2,37,49,29,4,4,6,66,4,5,7,4,9,8,0,0,8,5,0
pyrnamtq_1401730316,26,man,mus,2,2,22,1_2_1_1,As,conc,abs,zoom1,7,5,5,5,7,5,83,2,2,5,5,9,8,0,0,8,5,0
pyrnamtq_1401730316,26,man,mus,2,2,23,3_1_1_1,He,met,abs,zoom1,5,5,8,5,5,4,50,4,5,5,8,9,8,0,0,8,5,0
pyrnamtq_1401730316,26,man,mus,2,2,24,3_3_1_2,He,emph,abs,zoom2,93,31,48,6,5,5,5,5,5,43,5,9,8,0,0,8,5,0
sakzfgwg_1401352488,23,woman,melo,2,1,1,2_1_2_1,Ca,met,nat,zoom1,71,62,75,23,57,37,0,0,53,66,3,9,0,0,2,3,0,0
sakzfgwg_1401352488,23,woman,melo,2,1,2,2_3_1_1,Ca,emph,abs,zoom1,51,53,84,75,0,0,0,19,39,51,0,9,0,0,2,3,0,0
sakzfgwg_1401352488,23,woman,melo,2,1,3,2_2_1_1,Ca,conc,abs,zoom1,55,70,71,82,8,0,0,0,23,35,0,9,0,0,2,3,0,0
sakzfgwg_1401352488,23,woman,melo,2,1,4,4_2_2_1,St,conc,nat,zoom1,54,64,65,74,6,0,16,2,0,56,0,9,0,0,2,3,0,0
sakzfgwg_1401352488,23,woman,melo,2,1,5,4_2_1_1,St,conc,abs,zoom1,54,44,56,60,0,0,40,0,0,46,0,9,0,0,2,3,0,0
sakzfgwg_1401352488,23,woman,melo,2,1,6,1_1_2_1,As,met,nat,zoom1,9,23,19,9,0,0,60,0,0,0,0,9,0,0,2,3,0,0
sakzfgwg_1401352488,23,woman,melo,2,1,7,2_2_2_2,Ca,conc,nat,zoom2,44,68,54,70,15,0,27,0,0,0,0,9,0,0,2,3,0,0
sakzfgwg_1401352488,23,woman,melo,2,1,8,3_1_2_2,He,met,nat,zoom2,54,26,39,50,0,0,59,0,0,0,0,9,0,0,2,3,0,0
sakzfgwg_1401352488,23,woman,melo,2,1,9,4_3_2_1,St,emph,nat,zoom1,36,53,29,33,0,0,0,0,0,38,0,9,0,0,2,3,0,0
sakzfgwg_1401352488,23,woman,melo,2,1,10,2_1_1_1,Ca,met,abs,zoom1,12,15,13,19,0,0,39,0,0,0,0,9,0,0,2,3,0,0
sakzfgwg_1401352488,23,woman,melo,2,1,11,4_1_1_1,St,met,abs,zoom1,12,11,5,11,0,0,0,0,0,0,0,9,0,0,2,3,0,0
sakzfgwg_1401352488,23,woman,melo,2,1,12,1_2_2_1,As,conc,nat,zoom1,13,14,5,0,0,0,21,0,0,0,0,9,0,0,2,3,0,0
sakzfgwg_1401352488,23,woman,melo,2,1,13,1_3_1_1,As,emph,abs,zoom1,33,60,31,39,0,0,0,0,0,0,24,9,0,0,2,3,0,0
sakzfgwg_1401352488,23,woman,melo,2,1,14,4_3_1_1,St,emph,abs,zoom1,69,73,52,46,47,0,0,0,0,63,0,9,0,0,2,3,0,0
sakzfgwg_1401352488,23,woman,melo,2,1,15,1_1_1_1,As,met,abs,zoom1,36,15,0,21,0,0,0,0,0,0,0,9,0,0,2,3,0,0
sakzfgwg_1401352488,23,woman,melo,2,1,16,1_3_2_1,As,emph,nat,zoom1,32,36,0,0,0,0,27,0,0,0,31,9,0,0,2,3,0,0
sakzfgwg_1401352488,23,woman,melo,2,1,17,3_2_2_2,He,conc,nat,zoom2,41,58,49,36,0,0,22,0,0,0,47,9,0,0,2,3,0,0
sakzfgwg_1401352488,23,woman,melo,2,1,18,2_3_2_1,Ca,emph,nat,zoom1,42,70,48,0,0,0,0,0,0,57,44,9,0,0,2,3,0,0
sakzfgwg_1401352488,23,woman,melo,2,1,19,3_3_2_1,He,emph,nat,zoom1,60,81,29,0,0,0,0,0,16,51,64,9,0,0,2,3,0,0
sakzfgwg_1401352488,23,woman,melo,2,1,20,4_1_2_1,St,met,nat,zoom1,9,9,0,0,0,0,23,0,0,0,0,9,0,0,2,3,0,0
sakzfgwg_1401352488,23,woman,melo,2,1,21,3_2_1_2,He,conc,abs,zoom2,3,42,0,0,0,0,47,0,0,0,0,9,0,0,2,3,0,0
sakzfgwg_1401352488,23,woman,melo,2,1,22,1_2_1_1,As,conc,abs,zoom1,12,6,0,0,0,0,25,0,0,0,0,9,0,0,2,3,0,0
sakzfgwg_1401352488,23,woman,melo,2,1,23,3_1_1_1,He,met,abs,zoom1,74,0,0,0,0,0,69,0,0,0,0,9,0,0,2,3,0,0
sakzfgwg_1401352488,23,woman,melo,2,1,24,3_3_1_2,He,emph,abs,zoom2,46,66,26,13,0,0,32,0,0,0,0,9,0,0,2,3,0,0
sqcqxtbz_1401357762,22,woman,mus,2,1,1,2_1_2_1,Ca,met,nat,zoom1,55,49,50,42,11,32,0,19,19,27,0,7,4,0,6,1,0,5
sqcqxtbz_1401357762,22,woman,mus,2,1,2,2_3_1_1,Ca,emph,abs,zoom1,65,70,49,38,24,36,0,33,20,73,0,7,4,0,6,1,0,5
sqcqxtbz_1401357762,22,woman,mus,2,1,3,2_2_1_1,Ca,conc,abs,zoom1,67,63,31,40,12,52,0,44,12,77,0,7,4,0,6,1,0,5
sqcqxtbz_1401357762,22,woman,mus,2,1,4,4_2_2_1,St,conc,nat,zoom1,54,74,11,19,15,36,0,41,17,72,0,7,4,0,6,1,0,5
sqcqxtbz_1401357762,22,woman,mus,2,1,5,4_2_1_1,St,conc,abs,zoom1,69,70,8,17,17,52,0,26,17,41,0,7,4,0,6,1,0,5
sqcqxtbz_1401357762,22,woman,mus,2,1,6,1_1_2_1,As,met,nat,zoom1,34,40,5,12,20,10,0,21,12,34,0,7,4,0,6,1,0,5
sqcqxtbz_1401357762,22,woman,mus,2,1,7,2_2_2_2,Ca,conc,nat,zoom2,64,82,6,30,10,45,0,59,5,19,0,7,4,0,6,1,0,5
sqcqxtbz_1401357762,22,woman,mus,2,1,8,3_1_2_2,He,met,nat,zoom2,46,40,4,9,7,17,0,22,13,38,0,7,4,0,6,1,0,5
sqcqxtbz_1401357762,22,woman,mus,2,1,9,4_3_2_1,St,emph,nat,zoom1,78,83,4,10,5,45,0,44,32,75,0,7,4,0,6,1,0,5
sqcqxtbz_1401357762,22,woman,mus,2,1,10,2_1_1_1,Ca,met,abs,zoom1,46,24,6,10,0,11,0,15,0,30,0,7,4,0,6,1,0,5
sqcqxtbz_1401357762,22,woman,mus,2,1,12,1_2_2_1,As,conc,nat,zoom1,59,82,7,14,23,41,0,31,27,57,0,7,4,0,6,1,0,5
sqcqxtbz_1401357762,22,woman,mus,2,1,13,1_3_1_1,As,emph,abs,zoom1,25,28,6,7,6,17,0,16,0,11,0,7,4,0,6,1,0,5
sqcqxtbz_1401357762,22,woman,mus,2,1,14,4_3_1_1,St,emph,abs,zoom1,67,88,6,17,6,34,0,25,39,68,0,7,4,0,6,1,0,5
sqcqxtbz_1401357762,22,woman,mus,2,1,15,1_1_1_1,As,met,abs,zoom1,14,27,4,11,7,12,0,14,0,5,0,7,4,0,6,1,0,5
sqcqxtbz_1401357762,22,woman,mus,2,1,16,1_3_2_1,As,emph,nat,zoom1,47,36,5,8,5,7,0,11,0,20,0,7,4,0,6,1,0,5
sqcqxtbz_1401357762,22,woman,mus,2,1,17,3_2_2_2,He,conc,nat,zoom2,57,85,6,15,15,39,0,35,25,49,0,7,4,0,6,1,0,5
sqcqxtbz_1401357762,22,woman,mus,2,1,18,2_3_2_1,Ca,emph,nat,zoom1,75,64,9,21,13,48,0,50,13,62,0,7,4,0,6,1,0,5
sqcqxtbz_1401357762,22,woman,mus,2,1,19,3_3_2_1,He,emph,nat,zoom1,67,84,22,11,8,48,0,46,10,27,8,7,4,0,6,1,0,5
sqcqxtbz_1401357762,22,woman,mus,2,1,20,4_1_2_1,St,met,nat,zoom1,45,46,10,14,9,18,0,19,0,12,0,7,4,0,6,1,0,5
sqcqxtbz_1401357762,22,woman,mus,2,1,21,3_2_1_2,He,conc,abs,zoom2,0,19,7,6,6,8,0,3,0,4,0,7,4,0,6,1,0,5
sqcqxtbz_1401357762,22,woman,mus,2,1,22,1_2_1_1,As,conc,abs,zoom1,17,0,10,5,3,13,0,6,0,16,0,7,4,0,6,1,0,5
sqcqxtbz_1401357762,22,woman,mus,2,1,23,3_1_1_1,He,met,abs,zoom1,21,29,13,5,4,12,0,3,0,12,0,7,4,0,6,1,0,5
sqcqxtbz_1401357762,22,woman,mus,2,1,24,3_3_1_2,He,emph,abs,zoom2,71,79,14,11,19,65,0,55,0,12,6,7,4,0,6,1,0,5
stqzrqyp_1401350397,25,woman,melo,2,1,1,2_1_2_1,Ca,met,nat,zoom1,85,73,74,96,23,55,31,29,55,62,28,2,0,3,4,0,0,8
stqzrqyp_1401350397,25,woman,melo,2,1,2,2_3_1_1,Ca,emph,abs,zoom1,75,81,69,87,20,58,27,15,53,53,22,2,0,3,4,0,0,8
stqzrqyp_1401350397,25,woman,melo,2,1,3,2_2_1_1,Ca,conc,abs,zoom1,79,74,51,60,25,52,29,22,57,54,30,2,0,3,4,0,0,8
stqzrqyp_1401350397,25,woman,melo,2,1,4,4_2_2_1,St,conc,nat,zoom1,89,36,53,88,11,45,21,15,75,69,47,2,0,3,4,0,0,8
stqzrqyp_1401350397,25,woman,melo,2,1,5,4_2_1_1,St,conc,abs,zoom1,79,68,81,91,7,44,37,13,40,36,44,2,0,3,4,0,0,8
stqzrqyp_1401350397,25,woman,melo,2,1,6,1_1_2_1,As,met,nat,zoom1,68,54,54,0,3,42,22,28,57,52,33,2,0,3,4,0,0,8
stqzrqyp_1401350397,25,woman,melo,2,1,7,2_2_2_2,Ca,conc,nat,zoom2,82,79,68,81,14,51,35,22,37,44,18,2,0,3,4,0,0,8
stqzrqyp_1401350397,25,woman,melo,2,1,8,3_1_2_2,He,met,nat,zoom2,84,69,78,71,11,43,52,25,29,27,45,2,0,3,4,0,0,8
stqzrqyp_1401350397,25,woman,melo,2,1,9,4_3_2_1,St,emph,nat,zoom1,74,68,82,75,24,45,37,28,56,45,35,2,0,3,4,0,0,8
stqzrqyp_1401350397,25,woman,melo,2,1,10,2_1_1_1,Ca,met,abs,zoom1,56,66,62,65,24,39,29,17,52,61,12,2,0,3,4,0,0,8
stqzrqyp_1401350397,25,woman,melo,2,1,11,4_1_1_1,St,met,abs,zoom1,46,51,48,47,46,46,13,46,62,71,46,2,0,3,4,0,0,8
stqzrqyp_1401350397,25,woman,melo,2,1,12,1_2_2_1,As,conc,nat,zoom1,67,60,70,80,34,31,37,12,42,57,20,2,0,3,4,0,0,8
stqzrqyp_1401350397,25,woman,melo,2,1,13,1_3_1_1,As,emph,abs,zoom1,62,51,60,82,26,29,67,13,21,28,15,2,0,3,4,0,0,8
stqzrqyp_1401350397,25,woman,melo,2,1,14,4_3_1_1,St,emph,abs,zoom1,67,71,71,74,20,28,34,17,55,52,28,2,0,3,4,0,0,8
stqzrqyp_1401350397,25,woman,melo,2,1,15,1_1_1_1,As,met,abs,zoom1,70,71,65,72,6,8,9,15,54,49,24,2,0,3,4,0,0,8
stqzrqyp_1401350397,25,woman,melo,2,1,16,1_3_2_1,As,emph,nat,zoom1,63,66,73,79,22,40,33,27,60,56,40,2,0,3,4,0,0,8
stqzrqyp_1401350397,25,woman,melo,2,1,17,3_2_2_2,He,conc,nat,zoom2,74,85,77,90,17,36,64,24,14,38,53,2,0,3,4,0,0,8
stqzrqyp_1401350397,25,woman,melo,2,1,18,2_3_2_1,Ca,emph,nat,zoom1,69,62,72,80,27,35,38,15,58,51,35,2,0,3,4,0,0,8
stqzrqyp_1401350397,25,woman,melo,2,1,19,3_3_2_1,He,emph,nat,zoom1,68,74,71,85,21,37,66,23,42,25,43,2,0,3,4,0,0,8
stqzrqyp_1401350397,25,woman,melo,2,1,20,4_1_2_1,St,met,nat,zoom1,79,86,62,82,17,30,45,16,51,54,66,2,0,3,4,0,0,8
stqzrqyp_1401350397,25,woman,melo,2,1,21,3_2_1_2,He,conc,abs,zoom2,73,82,72,96,14,35,75,21,30,39,60,2,0,3,4,0,0,8
stqzrqyp_1401350397,25,woman,melo,2,1,22,1_2_1_1,As,conc,abs,zoom1,58,73,65,69,9,19,81,26,26,40,46,2,0,3,4,0,0,8
stqzrqyp_1401350397,25,woman,melo,2,1,23,3_1_1_1,He,met,abs,zoom1,50,76,71,66,12,26,61,17,40,18,38,2,0,3,4,0,0,8
stqzrqyp_1401350397,25,woman,melo,2,1,24,3_3_1_2,He,emph,abs,zoom2,78,88,71,96,19,32,48,13,33,16,50,2,0,3,4,0,0,8
tjnwjfrq_1401352576,30,man,mus,2,2,1,2_1_2_1,Ca,met,nat,zoom1,51,47,83,1,16,0,0,0,0,36,0,1,0,8,6,0,3,6
tjnwjfrq_1401352576,30,man,mus,2,2,2,2_3_1_1,Ca,emph,abs,zoom1,11,15,0,0,0,0,0,0,87,0,0,1,0,8,6,0,3,6
tjnwjfrq_1401352576,30,man,mus,2,2,3,2_2_1_1,Ca,conc,abs,zoom1,48,23,76,0,0,0,30,0,0,0,77,1,0,8,6,0,3,6
tjnwjfrq_1401352576,30,man,mus,2,2,4,4_2_2_1,St,conc,nat,zoom1,93,91,0,94,0,0,0,0,0,87,0,1,0,8,6,0,3,6
tjnwjfrq_1401352576,30,man,mus,2,2,5,4_2_1_1,St,conc,abs,zoom1,94,88,34,54,0,0,0,0,98,0,0,1,0,8,6,0,3,6
tjnwjfrq_1401352576,30,man,mus,2,2,6,1_1_2_1,As,met,nat,zoom1,61,0,0,0,0,0,82,0,0,0,72,1,0,8,6,0,3,6
tjnwjfrq_1401352576,30,man,mus,2,2,7,2_2_2_2,Ca,conc,nat,zoom2,47,28,92,56,0,0,0,0,0,0,0,1,0,8,6,0,3,6
tjnwjfrq_1401352576,30,man,mus,2,2,8,3_1_2_2,He,met,nat,zoom2,13,17,17,0,0,0,0,0,0,0,0,1,0,8,6,0,3,6
tjnwjfrq_1401352576,30,man,mus,2,2,9,4_3_2_1,St,emph,nat,zoom1,21,21,0,25,0,0,0,0,0,0,0,1,0,8,6,0,3,6
tjnwjfrq_1401352576,30,man,mus,2,2,10,2_1_1_1,Ca,met,abs,zoom1,10,13,0,0,0,0,0,0,0,0,17,1,0,8,6,0,3,6
tjnwjfrq_1401352576,30,man,mus,2,2,12,1_2_2_1,As,conc,nat,zoom1,33,55,0,0,0,0,0,22,0,0,0,1,0,8,6,0,3,6
tjnwjfrq_1401352576,30,man,mus,2,2,13,1_3_1_1,As,emph,abs,zoom1,27,30,16,0,0,0,0,0,0,0,0,1,0,8,6,0,3,6
tjnwjfrq_1401352576,30,man,mus,2,2,14,4_3_1_1,St,emph,abs,zoom1,17,18,0,0,0,0,0,0,0,0,0,1,0,8,6,0,3,6
tjnwjfrq_1401352576,30,man,mus,2,2,15,1_1_1_1,As,met,abs,zoom1,79,82,0,0,45,0,0,83,0,0,0,1,0,8,6,0,3,6
tjnwjfrq_1401352576,30,man,mus,2,2,16,1_3_2_1,As,emph,nat,zoom1,82,75,0,0,61,0,0,71,0,0,0,1,0,8,6,0,3,6
tjnwjfrq_1401352576,30,man,mus,2,2,17,3_2_2_2,He,conc,nat,zoom2,78,70,61,0,0,0,0,0,74,57,0,1,0,8,6,0,3,6
tjnwjfrq_1401352576,30,man,mus,2,2,18,2_3_2_1,Ca,emph,nat,zoom1,21,26,0,0,18,0,0,0,0,0,0,1,0,8,6,0,3,6
tjnwjfrq_1401352576,30,man,mus,2,2,19,3_3_2_1,He,emph,nat,zoom1,39,27,0,0,0,0,17,0,0,0,23,1,0,8,6,0,3,6
tjnwjfrq_1401352576,30,man,mus,2,2,20,4_1_2_1,St,met,nat,zoom1,20,4,0,0,0,0,0,0,0,0,0,1,0,8,6,0,3,6
tjnwjfrq_1401352576,30,man,mus,2,2,21,3_2_1_2,He,conc,abs,zoom2,71,70,0,0,0,0,0,0,0,100,0,1,0,8,6,0,3,6
tjnwjfrq_1401352576,30,man,mus,2,2,22,1_2_1_1,As,conc,abs,zoom1,78,83,0,0,0,0,100,0,0,0,0,1,0,8,6,0,3,6
tjnwjfrq_1401352576,30,man,mus,2,2,23,3_1_1_1,He,met,abs,zoom1,81,85,0,0,0,0,22,0,0,0,73,1,0,8,6,0,3,6
tjnwjfrq_1401352576,30,man,mus,2,2,24,3_3_1_2,He,emph,abs,zoom2,70,69,0,0,0,29,0,0,0,0,0,1,0,8,6,0,3,6
tvwiuhyj_1401353016,28,woman,melo,2,1,1,2_1_2_1,Ca,met,nat,zoom1,42,68,40,64,17,32,21,39,46,33,0,3,0,9,7,0,9,5
tvwiuhyj_1401353016,28,woman,melo,2,1,2,2_3_1_1,Ca,emph,abs,zoom1,51,65,28,39,16,23,44,30,18,25,52,3,0,9,7,0,9,5
tvwiuhyj_1401353016,28,woman,melo,2,1,3,2_2_1_1,Ca,conc,abs,zoom1,38,56,36,47,20,31,31,23,14,22,33,3,0,9,7,0,9,5
tvwiuhyj_1401353016,28,woman,melo,2,1,4,4_2_2_1,St,conc,nat,zoom1,38,62,16,24,19,38,49,50,35,53,45,3,0,9,7,0,9,5
tvwiuhyj_1401353016,28,woman,melo,2,1,5,4_2_1_1,St,conc,abs,zoom1,37,59,56,46,27,44,29,64,49,41,25,3,0,9,7,0,9,5
tvwiuhyj_1401353016,28,woman,melo,2,1,6,1_1_2_1,As,met,nat,zoom1,58,67,24,68,25,49,62,30,21,39,53,3,0,9,7,0,9,5
tvwiuhyj_1401353016,28,woman,melo,2,1,7,2_2_2_2,Ca,conc,nat,zoom2,76,80,67,17,38,31,60,63,47,50,45,3,0,9,7,0,9,5
tvwiuhyj_1401353016,28,woman,melo,2,1,8,3_1_2_2,He,met,nat,zoom2,35,59,43,35,40,28,22,37,46,39,31,3,0,9,7,0,9,5
tvwiuhyj_1401353016,28,woman,melo,2,1,9,4_3_2_1,St,emph,nat,zoom1,68,71,24,22,21,38,55,17,59,21,41,3,0,9,7,0,9,5
tvwiuhyj_1401353016,28,woman,melo,2,1,10,2_1_1_1,Ca,met,abs,zoom1,39,29,17,35,23,20,14,9,23,15,10,3,0,9,7,0,9,5
tvwiuhyj_1401353016,28,woman,melo,2,1,12,1_2_2_1,As,conc,nat,zoom1,53,55,29,52,15,23,29,22,14,21,31,3,0,9,7,0,9,5
tvwiuhyj_1401353016,28,woman,melo,2,1,13,1_3_1_1,As,emph,abs,zoom1,47,74,57,69,25,45,58,27,18,25,42,3,0,9,7,0,9,5
tvwiuhyj_1401353016,28,woman,melo,2,1,14,4_3_1_1,St,emph,abs,zoom1,60,71,24,14,30,66,55,52,27,19,49,3,0,9,7,0,9,5
tvwiuhyj_1401353016,28,woman,melo,2,1,15,1_1_1_1,As,met,abs,zoom1,38,45,13,36,24,23,36,27,42,17,23,3,0,9,7,0,9,5
tvwiuhyj_1401353016,28,woman,melo,2,1,16,1_3_2_1,As,emph,nat,zoom1,41,55,55,23,33,47,18,44,54,34,42,3,0,9,7,0,9,5
tvwiuhyj_1401353016,28,woman,melo,2,1,17,3_2_2_2,He,conc,nat,zoom2,65,81,52,70,55,63,56,66,26,58,45,3,0,9,7,0,9,5
tvwiuhyj_1401353016,28,woman,melo,2,1,18,2_3_2_1,Ca,emph,nat,zoom1,41,56,54,46,32,37,61,39,22,30,63,3,0,9,7,0,9,5
tvwiuhyj_1401353016,28,woman,melo,2,1,19,3_3_2_1,He,emph,nat,zoom1,46,46,50,29,35,28,25,17,13,31,24,3,0,9,7,0,9,5
tvwiuhyj_1401353016,28,woman,melo,2,1,20,4_1_2_1,St,met,nat,zoom1,45,71,53,27,38,46,26,41,55,38,46,3,0,9,7,0,9,5
tvwiuhyj_1401353016,28,woman,melo,2,1,21,3_2_1_2,He,conc,abs,zoom2,42,57,26,17,37,50,17,34,47,55,31,3,0,9,7,0,9,5
tvwiuhyj_1401353016,28,woman,melo,2,1,22,1_2_1_1,As,conc,abs,zoom1,60,72,53,44,27,37,57,46,28,40,48,3,0,9,7,0,9,5
tvwiuhyj_1401353016,28,woman,melo,2,1,23,3_1_1_1,He,met,abs,zoom1,64,74,48,71,26,55,63,44,24,34,49,3,0,9,7,0,9,5
tvwiuhyj_1401353016,28,woman,melo,2,1,24,3_3_1_2,He,emph,abs,zoom2,76,86,55,47,17,35,67,55,15,41,27,3,0,9,7,0,9,5
ubecibgr_1401726187,23,man,mus,2,1,1,2_1_2_1,Ca,met,nat,zoom1,23,19,38,31,0,27,31,0,0,0,0,2,0,0,3,0,8,3
ubecibgr_1401726187,23,man,mus,2,1,2,2_3_1_1,Ca,emph,abs,zoom1,47,61,45,25,0,0,27,0,0,0,0,2,0,0,3,0,8,3
ubecibgr_1401726187,23,man,mus,2,1,3,2_2_1_1,Ca,conc,abs,zoom1,40,44,28,22,0,0,23,0,0,0,0,2,0,0,3,0,8,3
ubecibgr_1401726187,23,man,mus,2,1,4,4_2_2_1,St,conc,nat,zoom1,47,26,32,24,0,15,25,0,0,0,0,2,0,0,3,0,8,3
ubecibgr_1401726187,23,man,mus,2,1,5,4_2_1_1,St,conc,abs,zoom1,36,35,32,17,0,0,17,0,0,0,0,2,0,0,3,0,8,3
ubecibgr_1401726187,23,man,mus,2,1,6,1_1_2_1,As,met,nat,zoom1,27,14,28,20,0,0,13,0,0,0,0,2,0,0,3,0,8,3
ubecibgr_1401726187,23,man,mus,2,1,7,2_2_2_2,Ca,conc,nat,zoom2,39,55,30,23,0,15,27,0,0,0,0,2,0,0,3,0,8,3
ubecibgr_1401726187,23,man,mus,2,1,8,3_1_2_2,He,met,nat,zoom2,37,12,28,24,0,10,21,0,0,0,0,2,0,0,3,0,8,3
ubecibgr_1401726187,23,man,mus,2,1,9,4_3_2_1,St,emph,nat,zoom1,40,54,31,26,0,0,21,0,0,0,0,2,0,0,3,0,8,3
ubecibgr_1401726187,23,man,mus,2,1,10,2_1_1_1,Ca,met,abs,zoom1,30,11,20,13,0,1,8,0,0,0,0,2,0,0,3,0,8,3
ubecibgr_1401726187,23,man,mus,2,1,11,4_1_1_1,St,met,abs,zoom1,18,11,12,13,0,0,9,0,0,0,0,2,0,0,3,0,8,3
ubecibgr_1401726187,23,man,mus,2,1,12,1_2_2_1,As,conc,nat,zoom1,22,27,19,15,0,0,7,0,0,0,0,2,0,0,3,0,8,3
ubecibgr_1401726187,23,man,mus,2,1,13,1_3_1_1,As,emph,abs,zoom1,36,53,27,19,0,0,15,0,0,0,0,2,0,0,3,0,8,3
ubecibgr_1401726187,23,man,mus,2,1,14,4_3_1_1,St,emph,abs,zoom1,32,51,22,13,0,0,11,0,0,0,0,2,0,0,3,0,8,3
ubecibgr_1401726187,23,man,mus,2,1,15,1_1_1_1,As,met,abs,zoom1,25,15,24,20,0,0,13,0,0,0,0,2,0,0,3,0,8,3
ubecibgr_1401726187,23,man,mus,2,1,16,1_3_2_1,As,emph,nat,zoom1,32,39,28,22,0,0,16,0,0,0,0,2,0,0,3,0,8,3
ubecibgr_1401726187,23,man,mus,2,1,17,3_2_2_2,He,conc,nat,zoom2,41,46,27,24,0,0,12,0,0,0,0,2,0,0,3,0,8,3
ubecibgr_1401726187,23,man,mus,2,1,18,2_3_2_1,Ca,emph,nat,zoom1,59,66,28,22,0,0,28,0,0,0,0,2,0,0,3,0,8,3
ubecibgr_1401726187,23,man,mus,2,1,19,3_3_2_1,He,emph,nat,zoom1,47,32,30,25,0,0,19,0,0,0,0,2,0,0,3,0,8,3
ubecibgr_1401726187,23,man,mus,2,1,20,4_1_2_1,St,met,nat,zoom1,27,21,26,18,0,0,12,0,0,0,0,2,0,0,3,0,8,3
ubecibgr_1401726187,23,man,mus,2,1,21,3_2_1_2,He,conc,abs,zoom2,27,41,22,19,0,0,12,0,0,0,0,2,0,0,3,0,8,3
ubecibgr_1401726187,23,man,mus,2,1,22,1_2_1_1,As,conc,abs,zoom1,24,22,20,17,0,0,8,0,0,0,0,2,0,0,3,0,8,3
ubecibgr_1401726187,23,man,mus,2,1,23,3_1_1_1,He,met,abs,zoom1,30,16,33,24,0,0,19,0,0,0,0,2,0,0,3,0,8,3
ubecibgr_1401726187,23,man,mus,2,1,24,3_3_1_2,He,emph,abs,zoom2,50,55,38,25,0,0,17,0,0,0,0,2,0,0,3,0,8,3
vqgbldib_1401779754,31,man,mus,2,2,1,2_1_2_1,Ca,met,nat,zoom1,22,33,61,60,21,11,44,17,24,50,9,2,0,3,2,0,7,6
vqgbldib_1401779754,31,man,mus,2,2,2,2_3_1_1,Ca,emph,abs,zoom1,56,68,71,32,20,56,40,24,20,26,12,2,0,3,2,0,7,6
vqgbldib_1401779754,31,man,mus,2,2,3,2_2_1_1,Ca,conc,abs,zoom1,59,65,61,53,8,54,32,33,17,40,20,2,0,3,2,0,7,6
vqgbldib_1401779754,31,man,mus,2,2,4,4_2_2_1,St,conc,nat,zoom1,32,36,51,69,13,23,36,14,26,24,24,2,0,3,2,0,7,6
vqgbldib_1401779754,31,man,mus,2,2,5,4_2_1_1,St,conc,abs,zoom1,46,36,29,64,14,31,18,17,13,30,15,2,0,3,2,0,7,6
vqgbldib_1401779754,31,man,mus,2,2,6,1_1_2_1,As,met,nat,zoom1,35,9,21,20,9,8,18,9,9,11,9,2,0,3,2,0,7,6
vqgbldib_1401779754,31,man,mus,2,2,7,2_2_2_2,Ca,conc,nat,zoom2,66,73,58,38,7,36,15,30,24,44,49,2,0,3,2,0,7,6
vqgbldib_1401779754,31,man,mus,2,2,8,3_1_2_2,He,met,nat,zoom2,19,9,15,10,7,10,18,4,6,5,9,2,0,3,2,0,7,6
vqgbldib_1401779754,31,man,mus,2,2,9,4_3_2_1,St,emph,nat,zoom1,37,40,27,14,8,30,14,21,18,9,12,2,0,3,2,0,7,6
vqgbldib_1401779754,31,man,mus,2,2,10,2_1_1_1,Ca,met,abs,zoom1,32,16,21,13,10,11,5,9,9,10,8,2,0,3,2,0,7,6
vqgbldib_1401779754,31,man,mus,2,2,11,4_1_1_1,St,met,abs,zoom1,19,34,17,13,5,5,4,4,5,3,4,2,0,3,2,0,7,6
vqgbldib_1401779754,31,man,mus,2,2,12,1_2_2_1,As,conc,nat,zoom1,72,23,63,26,7,30,13,37,33,37,15,2,0,3,2,0,7,6
vqgbldib_1401779754,31,man,mus,2,2,13,1_3_1_1,As,emph,abs,zoom1,15,18,15,6,5,7,7,6,7,17,9,2,0,3,2,0,7,6
vqgbldib_1401779754,31,man,mus,2,2,14,4_3_1_1,St,emph,abs,zoom1,30,29,27,25,5,20,12,19,15,9,4,2,0,3,2,0,7,6
vqgbldib_1401779754,31,man,mus,2,2,15,1_1_1_1,As,met,abs,zoom1,15,14,17,14,12,9,8,7,5,5,6,2,0,3,2,0,7,6
vqgbldib_1401779754,31,man,mus,2,2,16,1_3_2_1,As,emph,nat,zoom1,30,24,11,7,7,5,5,5,6,5,6,2,0,3,2,0,7,6
vqgbldib_1401779754,31,man,mus,2,2,17,3_2_2_2,He,conc,nat,zoom2,29,17,24,20,7,16,9,10,12,8,8,2,0,3,2,0,7,6
vqgbldib_1401779754,31,man,mus,2,2,18,2_3_2_1,Ca,emph,nat,zoom1,13,55,17,11,10,10,8,8,5,9,9,2,0,3,2,0,7,6
vqgbldib_1401779754,31,man,mus,2,2,19,3_3_2_1,He,emph,nat,zoom1,34,14,22,21,9,10,6,7,6,6,10,2,0,3,2,0,7,6
vqgbldib_1401779754,31,man,mus,2,2,20,4_1_2_1,St,met,nat,zoom1,10,9,5,6,5,5,4,5,4,4,5,2,0,3,2,0,7,6
vqgbldib_1401779754,31,man,mus,2,2,21,3_2_1_2,He,conc,abs,zoom2,34,29,27,22,11,11,11,14,9,9,12,2,0,3,2,0,7,6
vqgbldib_1401779754,31,man,mus,2,2,22,1_2_1_1,As,conc,abs,zoom1,20,20,20,14,10,7,6,7,9,7,7,2,0,3,2,0,7,6
vqgbldib_1401779754,31,man,mus,2,2,23,3_1_1_1,He,met,abs,zoom1,19,24,21,15,12,11,12,11,6,8,11,2,0,3,2,0,7,6
vqgbldib_1401779754,31,man,mus,2,2,24,3_3_1_2,He,emph,abs,zoom2,27,49,32,24,5,13,16,13,12,10,11,2,0,3,2,0,7,6
wlmqexmy_1401356418,24,woman,mus,2,2,1,2_1_2_1,Ca,met,nat,zoom1,99,48,49,99,0,66,0,46,0,0,0,6,0,8,9,0,0,1
wlmqexmy_1401356418,24,woman,mus,2,2,2,2_3_1_1,Ca,emph,abs,zoom1,49,97,72,48,0,21,0,0,0,9,2,6,0,8,9,0,0,1
wlmqexmy_1401356418,24,woman,mus,2,2,3,2_2_1_1,Ca,conc,abs,zoom1,74,51,69,46,3,21,0,0,0,0,0,6,0,8,9,0,0,1
wlmqexmy_1401356418,24,woman,mus,2,2,4,4_2_2_1,St,conc,nat,zoom1,99,100,49,71,0,6,0,0,0,0,0,6,0,8,9,0,0,1
wlmqexmy_1401356418,24,woman,mus,2,2,5,4_2_1_1,St,conc,abs,zoom1,51,46,16,0,0,0,21,0,0,0,0,6,0,8,9,0,0,1
wlmqexmy_1401356418,24,woman,mus,2,2,6,1_1_2_1,As,met,nat,zoom1,79,75,19,43,0,15,33,2,0,0,0,6,0,8,9,0,0,1
wlmqexmy_1401356418,24,woman,mus,2,2,7,2_2_2_2,Ca,conc,nat,zoom2,81,96,16,44,0,16,0,17,1,0,0,6,0,8,9,0,0,1
wlmqexmy_1401356418,24,woman,mus,2,2,8,3_1_2_2,He,met,nat,zoom2,70,0,19,49,2,17,18,5,0,0,0,6,0,8,9,0,0,1
wlmqexmy_1401356418,24,woman,mus,2,2,9,4_3_2_1,St,emph,nat,zoom1,79,47,14,29,0,15,0,0,0,0,0,6,0,8,9,0,0,1
wlmqexmy_1401356418,24,woman,mus,2,2,10,2_1_1_1,Ca,met,abs,zoom1,73,0,11,13,0,0,0,1,13,0,0,6,0,8,9,0,0,1
wlmqexmy_1401356418,24,woman,mus,2,2,12,1_2_2_1,As,conc,nat,zoom1,43,47,0,0,0,0,24,0,0,0,0,6,0,8,9,0,0,1
wlmqexmy_1401356418,24,woman,mus,2,2,13,1_3_1_1,As,emph,abs,zoom1,27,51,0,0,0,0,12,0,0,0,0,6,0,8,9,0,0,1
wlmqexmy_1401356418,24,woman,mus,2,2,14,4_3_1_1,St,emph,abs,zoom1,80,73,20,0,0,0,0,0,0,0,0,6,0,8,9,0,0,1
wlmqexmy_1401356418,24,woman,mus,2,2,15,1_1_1_1,As,met,abs,zoom1,73,71,11,0,0,0,0,0,0,0,0,6,0,8,9,0,0,1
wlmqexmy_1401356418,24,woman,mus,2,2,16,1_3_2_1,As,emph,nat,zoom1,25,1,0,0,0,0,0,0,0,0,0,6,0,8,9,0,0,1
wlmqexmy_1401356418,24,woman,mus,2,2,17,3_2_2_2,He,conc,nat,zoom2,28,46,0,0,0,0,0,0,16,0,0,6,0,8,9,0,0,1
wlmqexmy_1401356418,24,woman,mus,2,2,18,2_3_2_1,Ca,emph,nat,zoom1,82,81,0,9,0,0,10,0,0,0,0,6,0,8,9,0,0,1
wlmqexmy_1401356418,24,woman,mus,2,2,19,3_3_2_1,He,emph,nat,zoom1,97,99,0,0,0,0,12,0,0,0,0,6,0,8,9,0,0,1
wlmqexmy_1401356418,24,woman,mus,2,2,20,4_1_2_1,St,met,nat,zoom1,0,22,0,0,0,0,0,0,0,0,0,6,0,8,9,0,0,1
wlmqexmy_1401356418,24,woman,mus,2,2,21,3_2_1_2,He,conc,abs,zoom2,17,27,0,0,0,0,0,0,0,0,0,6,0,8,9,0,0,1
wlmqexmy_1401356418,24,woman,mus,2,2,22,1_2_1_1,As,conc,abs,zoom1,0,49,0,11,0,0,0,0,0,0,0,6,0,8,9,0,0,1
wlmqexmy_1401356418,24,woman,mus,2,2,23,3_1_1_1,He,met,abs,zoom1,0,24,15,0,0,0,0,0,0,0,0,6,0,8,9,0,0,1
wlmqexmy_1401356418,24,woman,mus,2,2,24,3_3_1_2,He,emph,abs,zoom2,99,98,14,43,0,0,0,0,0,0,0,6,0,8,9,0,0,1
wmbbggmz_1401582498,33,woman,melo,2,2,1,2_1_2_1,Ca,met,nat,zoom1,34,65,32,65,0,0,0,0,0,0,0,4,0,3,5,0,0,2
wmbbggmz_1401582498,33,woman,melo,2,2,2,2_3_1_1,Ca,emph,abs,zoom1,71,49,0,0,68,14,0,0,0,0,0,4,0,3,5,0,0,2
wmbbggmz_1401582498,33,woman,melo,2,2,4,4_2_2_1,St,conc,nat,zoom1,29,27,19,20,0,0,0,0,0,0,0,4,0,3,5,0,0,2
wmbbggmz_1401582498,33,woman,melo,2,2,5,4_2_1_1,St,conc,abs,zoom1,26,21,0,21,0,0,0,0,0,0,0,4,0,3,5,0,0,2
wmbbggmz_1401582498,33,woman,melo,2,2,6,1_1_2_1,As,met,nat,zoom1,27,22,34,0,0,0,0,0,0,0,0,4,0,3,5,0,0,2
wmbbggmz_1401582498,33,woman,melo,2,2,7,2_2_2_2,Ca,conc,nat,zoom2,42,31,0,0,33,7,0,0,0,0,0,4,0,3,5,0,0,2
wmbbggmz_1401582498,33,woman,melo,2,2,9,4_3_2_1,St,emph,nat,zoom1,36,19,0,23,0,0,0,0,0,0,0,4,0,3,5,0,0,2
wmbbggmz_1401582498,33,woman,melo,2,2,11,4_1_1_1,St,met,abs,zoom1,44,52,45,52,0,0,0,0,0,0,0,4,0,3,5,0,0,2
wmbbggmz_1401582498,33,woman,melo,2,2,12,1_2_2_1,As,conc,nat,zoom1,58,49,44,52,0,0,0,0,0,0,0,4,0,3,5,0,0,2
wmbbggmz_1401582498,33,woman,melo,2,2,13,1_3_1_1,As,emph,abs,zoom1,32,35,31,35,0,1,0,0,0,0,0,4,0,3,5,0,0,2
wmbbggmz_1401582498,33,woman,melo,2,2,14,4_3_1_1,St,emph,abs,zoom1,28,13,12,0,0,0,0,0,0,0,0,4,0,3,5,0,0,2
wmbbggmz_1401582498,33,woman,melo,2,2,15,1_1_1_1,As,met,abs,zoom1,53,40,0,40,0,0,0,0,0,0,0,4,0,3,5,0,0,2
wmbbggmz_1401582498,33,woman,melo,2,2,16,1_3_2_1,As,emph,nat,zoom1,41,48,38,0,0,0,0,0,0,0,0,4,0,3,5,0,0,2
wmbbggmz_1401582498,33,woman,melo,2,2,17,3_2_2_2,He,conc,nat,zoom2,67,51,0,0,42,20,0,15,7,0,0,4,0,3,5,0,0,2
wmbbggmz_1401582498,33,woman,melo,2,2,18,2_3_2_1,Ca,emph,nat,zoom1,54,34,10,19,0,0,0,0,0,0,0,4,0,3,5,0,0,2
wmbbggmz_1401582498,33,woman,melo,2,2,19,3_3_2_1,He,emph,nat,zoom1,48,25,18,0,0,0,0,0,0,0,0,4,0,3,5,0,0,2
wmbbggmz_1401582498,33,woman,melo,2,2,20,4_1_2_1,St,met,nat,zoom1,63,44,51,0,0,0,0,0,0,0,0,4,0,3,5,0,0,2
wmbbggmz_1401582498,33,woman,melo,2,2,21,3_2_1_2,He,conc,abs,zoom2,46,50,0,0,12,0,0,31,0,0,0,4,0,3,5,0,0,2
wmbbggmz_1401582498,33,woman,melo,2,2,22,1_2_1_1,As,conc,abs,zoom1,44,34,27,21,0,0,0,0,0,0,0,4,0,3,5,0,0,2
wmbbggmz_1401582498,33,woman,melo,2,2,23,3_1_1_1,He,met,abs,zoom1,60,48,27,27,0,0,0,0,0,0,0,4,0,3,5,0,0,2
wmbbggmz_1401582498,33,woman,melo,2,2,24,3_3_1_2,He,emph,abs,zoom2,64,20,7,8,0,0,0,0,0,0,0,4,0,3,5,0,0,2
wtifjaay_1401451834,26,man,mus,2,1,1,2_1_2_1,Ca,met,nat,zoom1,7,16,21,17,0,0,0,0,0,11,0,1,0,2,2,0,0,2
wtifjaay_1401451834,26,man,mus,2,1,2,2_3_1_1,Ca,emph,abs,zoom1,47,48,10,20,20,0,0,19,44,40,0,1,0,2,2,0,0,2
wtifjaay_1401451834,26,man,mus,2,1,3,2_2_1_1,Ca,conc,abs,zoom1,56,64,44,40,0,0,0,42,45,44,0,1,0,2,2,0,0,2
wtifjaay_1401451834,26,man,mus,2,1,4,4_2_2_1,St,conc,nat,zoom1,75,79,41,49,0,0,0,46,80,70,0,1,0,2,2,0,0,2
wtifjaay_1401451834,26,man,mus,2,1,5,4_2_1_1,St,conc,abs,zoom1,61,53,46,34,0,0,0,25,33,29,0,1,0,2,2,0,0,2
wtifjaay_1401451834,26,man,mus,2,1,6,1_1_2_1,As,met,nat,zoom1,3,2,0,0,0,0,10,0,0,0,0,1,0,2,2,0,0,2
wtifjaay_1401451834,26,man,mus,2,1,7,2_2_2_2,Ca,conc,nat,zoom2,70,61,22,25,16,0,0,38,38,35,0,1,0,2,2,0,0,2
wtifjaay_1401451834,26,man,mus,2,1,8,3_1_2_2,He,met,nat,zoom2,11,12,4,4,0,0,12,0,3,0,0,1,0,2,2,0,0,2
wtifjaay_1401451834,26,man,mus,2,1,9,4_3_2_1,St,emph,nat,zoom1,20,19,6,0,0,0,12,0,0,0,0,1,0,2,2,0,0,2
wtifjaay_1401451834,26,man,mus,2,1,10,2_1_1_1,Ca,met,abs,zoom1,9,62,0,0,0,0,3,0,0,0,0,1,0,2,2,0,0,2
wtifjaay_1401451834,26,man,mus,2,1,11,4_1_1_1,St,met,abs,zoom1,6,11,3,3,0,0,0,0,0,0,0,1,0,2,2,0,0,2
wtifjaay_1401451834,26,man,mus,2,1,12,1_2_2_1,As,conc,nat,zoom1,49,51,8,15,0,0,10,24,27,0,0,1,0,2,2,0,0,2
wtifjaay_1401451834,26,man,mus,2,1,13,1_3_1_1,As,emph,abs,zoom1,46,62,22,24,0,0,38,0,0,0,0,1,0,2,2,0,0,2
wtifjaay_1401451834,26,man,mus,2,1,14,4_3_1_1,St,emph,abs,zoom1,57,72,38,34,0,15,0,40,42,0,0,1,0,2,2,0,0,2
wtifjaay_1401451834,26,man,mus,2,1,15,1_1_1_1,As,met,abs,zoom1,22,18,0,0,0,0,32,0,0,0,0,1,0,2,2,0,0,2
wtifjaay_1401451834,26,man,mus,2,1,16,1_3_2_1,As,emph,nat,zoom1,42,41,24,21,0,0,0,0,24,0,0,1,0,2,2,0,0,2
wtifjaay_1401451834,26,man,mus,2,1,17,3_2_2_2,He,conc,nat,zoom2,57,66,33,28,0,0,37,41,35,0,0,1,0,2,2,0,0,2
wtifjaay_1401451834,26,man,mus,2,1,18,2_3_2_1,Ca,emph,nat,zoom1,81,87,34,34,45,38,0,42,35,0,0,1,0,2,2,0,0,2
wtifjaay_1401451834,26,man,mus,2,1,19,3_3_2_1,He,emph,nat,zoom1,45,16,15,0,0,0,67,0,0,0,36,1,0,2,2,0,0,2
wtifjaay_1401451834,26,man,mus,2,1,20,4_1_2_1,St,met,nat,zoom1,24,4,14,16,0,0,0,0,0,0,0,1,0,2,2,0,0,2
wtifjaay_1401451834,26,man,mus,2,1,21,3_2_1_2,He,conc,abs,zoom2,44,44,18,0,0,0,24,0,0,0,15,1,0,2,2,0,0,2
wtifjaay_1401451834,26,man,mus,2,1,22,1_2_1_1,As,conc,abs,zoom1,39,53,23,22,30,0,0,0,0,0,31,1,0,2,2,0,0,2
wtifjaay_1401451834,26,man,mus,2,1,23,3_1_1_1,He,met,abs,zoom1,10,6,0,0,0,0,4,0,0,0,0,1,0,2,2,0,0,2
wtifjaay_1401451834,26,man,mus,2,1,24,3_3_1_2,He,emph,abs,zoom2,28,6,0,0,9,0,5,0,0,0,44,1,0,2,2,0,0,2
xkmaduxn_1401884046,28,woman,melo,2,1,1,2_1_2_1,Ca,met,nat,zoom1,60,49,29,21,0,15,16,0,11,5,0,8,0,6,8,0,1,6
xkmaduxn_1401884046,28,woman,melo,2,1,2,2_3_1_1,Ca,emph,abs,zoom1,46,82,33,19,0,13,0,11,10,12,0,8,0,6,8,0,1,6
xkmaduxn_1401884046,28,woman,melo,2,1,3,2_2_1_1,Ca,conc,abs,zoom1,36,57,17,17,0,7,0,10,0,8,0,8,0,6,8,0,1,6
xkmaduxn_1401884046,28,woman,melo,2,1,4,4_2_2_1,St,conc,nat,zoom1,64,77,33,25,0,10,0,0,10,22,0,8,0,6,8,0,1,6
xkmaduxn_1401884046,28,woman,melo,2,1,5,4_2_1_1,St,conc,abs,zoom1,30,28,7,7,0,0,10,0,0,0,0,8,0,6,8,0,1,6
xkmaduxn_1401884046,28,woman,melo,2,1,6,1_1_2_1,As,met,nat,zoom1,8,10,0,0,0,0,0,0,0,0,0,8,0,6,8,0,1,6
xkmaduxn_1401884046,28,woman,melo,2,1,7,2_2_2_2,Ca,conc,nat,zoom2,36,38,18,15,0,13,0,8,9,8,0,8,0,6,8,0,1,6
xkmaduxn_1401884046,28,woman,melo,2,1,8,3_1_2_2,He,met,nat,zoom2,20,17,6,8,0,0,6,0,6,0,0,8,0,6,8,0,1,6
xkmaduxn_1401884046,28,woman,melo,2,1,9,4_3_2_1,St,emph,nat,zoom1,56,61,24,23,0,19,0,18,12,12,0,8,0,6,8,0,1,6
xkmaduxn_1401884046,28,woman,melo,2,1,10,2_1_1_1,Ca,met,abs,zoom1,16,11,11,11,0,0,17,0,0,0,0,8,0,6,8,0,1,6
xkmaduxn_1401884046,28,woman,melo,2,1,11,4_1_1_1,St,met,abs,zoom1,8,13,0,0,0,0,12,0,0,0,0,8,0,6,8,0,1,6
xkmaduxn_1401884046,28,woman,melo,2,1,12,1_2_2_1,As,conc,nat,zoom1,30,25,21,20,0,0,5,0,0,22,0,8,0,6,8,0,1,6
xkmaduxn_1401884046,28,woman,melo,2,1,13,1_3_1_1,As,emph,abs,zoom1,35,48,30,26,0,12,0,18,12,14,0,8,0,6,8,0,1,6
xkmaduxn_1401884046,28,woman,melo,2,1,14,4_3_1_1,St,emph,abs,zoom1,56,60,38,38,0,22,0,23,14,29,0,8,0,6,8,0,1,6
xkmaduxn_1401884046,28,woman,melo,2,1,15,1_1_1_1,As,met,abs,zoom1,11,6,0,0,0,0,23,0,0,0,0,8,0,6,8,0,1,6
xkmaduxn_1401884046,28,woman,melo,2,1,16,1_3_2_1,As,emph,nat,zoom1,28,20,12,12,0,0,7,0,0,7,0,8,0,6,8,0,1,6
xkmaduxn_1401884046,28,woman,melo,2,1,17,3_2_2_2,He,conc,nat,zoom2,29,36,20,19,0,14,3,14,16,16,0,8,0,6,8,0,1,6
xkmaduxn_1401884046,28,woman,melo,2,1,18,2_3_2_1,Ca,emph,nat,zoom1,38,53,30,30,0,13,4,12,25,31,0,8,0,6,8,0,1,6
xkmaduxn_1401884046,28,woman,melo,2,1,19,3_3_2_1,He,emph,nat,zoom1,60,73,44,45,8,27,0,25,43,44,0,8,0,6,8,0,1,6
xkmaduxn_1401884046,28,woman,melo,2,1,20,4_1_2_1,St,met,nat,zoom1,11,4,0,0,0,0,17,0,0,0,0,8,0,6,8,0,1,6
xkmaduxn_1401884046,28,woman,melo,2,1,21,3_2_1_2,He,conc,abs,zoom2,17,19,11,13,0,0,4,0,0,0,0,8,0,6,8,0,1,6
xkmaduxn_1401884046,28,woman,melo,2,1,22,1_2_1_1,As,conc,abs,zoom1,29,35,32,33,0,0,0,9,7,7,0,8,0,6,8,0,1,6
xkmaduxn_1401884046,28,woman,melo,2,1,23,3_1_1_1,He,met,abs,zoom1,6,5,0,0,0,0,18,0,0,0,0,8,0,6,8,0,1,6
xkmaduxn_1401884046,28,woman,melo,2,1,24,3_3_1_2,He,emph,abs,zoom2,37,30,19,19,0,6,0,7,18,30,0,8,0,6,8,0,1,6
xrggcsxx_1401460286,34,woman,melo,2,2,1,2_1_2_1,Ca,met,nat,zoom1,81,86,44,73,0,0,47,9,0,6,0,0,0,0,0,0,0,0
xrggcsxx_1401460286,34,woman,melo,2,2,2,2_3_1_1,Ca,emph,abs,zoom1,84,81,29,71,0,0,10,0,0,4,0,0,0,0,0,0,0,0
xrggcsxx_1401460286,34,woman,melo,2,2,3,2_2_1_1,Ca,conc,abs,zoom1,81,84,33,62,0,0,0,0,0,18,0,0,0,0,0,0,0,0
xrggcsxx_1401460286,34,woman,melo,2,2,4,4_2_2_1,St,conc,nat,zoom1,74,78,29,69,0,0,0,0,0,7,0,0,0,0,0,0,0,0
xrggcsxx_1401460286,34,woman,melo,2,2,5,4_2_1_1,St,conc,abs,zoom1,74,74,27,69,0,0,0,0,0,28,0,0,0,0,0,0,0,0
xrggcsxx_1401460286,34,woman,melo,2,2,6,1_1_2_1,As,met,nat,zoom1,0,76,21,76,0,0,0,0,0,12,0,0,0,0,0,0,0,0
xrggcsxx_1401460286,34,woman,melo,2,2,7,2_2_2_2,Ca,conc,nat,zoom2,80,84,26,69,0,0,0,0,0,15,0,0,0,0,0,0,0,0
xrggcsxx_1401460286,34,woman,melo,2,2,8,3_1_2_2,He,met,nat,zoom2,70,79,17,71,0,0,0,0,0,9,0,0,0,0,0,0,0,0
xrggcsxx_1401460286,34,woman,melo,2,2,9,4_3_2_1,St,emph,nat,zoom1,74,82,15,71,0,0,0,0,0,8,0,0,0,0,0,0,0,0
xrggcsxx_1401460286,34,woman,melo,2,2,10,2_1_1_1,Ca,met,abs,zoom1,77,83,13,79,0,0,0,0,0,5,0,0,0,0,0,0,0,0
xrggcsxx_1401460286,34,woman,melo,2,2,12,1_2_2_1,As,conc,nat,zoom1,80,79,15,73,0,0,0,0,0,9,0,0,0,0,0,0,0,0
xrggcsxx_1401460286,34,woman,melo,2,2,13,1_3_1_1,As,emph,abs,zoom1,77,80,9,81,0,0,0,0,0,8,0,0,0,0,0,0,0,0
xrggcsxx_1401460286,34,woman,melo,2,2,14,4_3_1_1,St,emph,abs,zoom1,78,84,15,76,0,0,0,0,0,8,0,0,0,0,0,0,0,0
xrggcsxx_1401460286,34,woman,melo,2,2,15,1_1_1_1,As,met,abs,zoom1,77,77,13,83,0,0,0,0,0,7,0,0,0,0,0,0,0,0
xrggcsxx_1401460286,34,woman,melo,2,2,16,1_3_2_1,As,emph,nat,zoom1,80,76,13,78,0,0,0,0,0,4,0,0,0,0,0,0,0,0
xrggcsxx_1401460286,34,woman,melo,2,2,17,3_2_2_2,He,conc,nat,zoom2,82,81,13,76,0,0,0,0,0,5,0,0,0,0,0,0,0,0
xrggcsxx_1401460286,34,woman,melo,2,2,18,2_3_2_1,Ca,emph,nat,zoom1,83,85,8,77,0,0,0,0,0,7,0,0,0,0,0,0,0,0
xrggcsxx_1401460286,34,woman,melo,2,2,19,3_3_2_1,He,emph,nat,zoom1,82,83,8,82,0,0,0,0,0,9,0,0,0,0,0,0,0,0
xrggcsxx_1401460286,34,woman,melo,2,2,20,4_1_2_1,St,met,nat,zoom1,80,81,13,82,0,0,0,0,0,4,0,0,0,0,0,0,0,0
xrggcsxx_1401460286,34,woman,melo,2,2,21,3_2_1_2,He,conc,abs,zoom2,82,81,11,82,0,0,0,0,0,5,0,0,0,0,0,0,0,0
xrggcsxx_1401460286,34,woman,melo,2,2,22,1_2_1_1,As,conc,abs,zoom1,85,82,8,80,0,0,0,0,0,26,0,0,0,0,0,0,0,0
xrggcsxx_1401460286,34,woman,melo,2,2,23,3_1_1_1,He,met,abs,zoom1,80,81,11,76,0,0,0,0,0,7,0,0,0,0,0,0,0,0
xrggcsxx_1401460286,34,woman,melo,2,2,24,3_3_1_2,He,emph,abs,zoom2,80,85,9,82,0,0,0,0,0,10,0,0,0,0,0,0,0,0
zjrnkzzo_1401622820,30,man,melo,2,2,1,2_1_2_1,Ca,met,nat,zoom1,58,60,77,52,0,0,0,0,50,66,0,6,0,1,7,0,9,2
zjrnkzzo_1401622820,30,man,melo,2,2,2,2_3_1_1,Ca,emph,abs,zoom1,58,42,72,58,0,0,0,0,17,16,0,6,0,1,7,0,9,2
zjrnkzzo_1401622820,30,man,melo,2,2,3,2_2_1_1,Ca,conc,abs,zoom1,45,28,38,38,0,0,0,0,35,7,0,6,0,1,7,0,9,2
zjrnkzzo_1401622820,30,man,melo,2,2,4,4_2_2_1,St,conc,nat,zoom1,53,33,25,25,0,0,1,0,17,15,0,6,0,1,7,0,9,2
zjrnkzzo_1401622820,30,man,melo,2,2,5,4_2_1_1,St,conc,abs,zoom1,61,34,14,13,0,0,0,0,11,15,0,6,0,1,7,0,9,2
zjrnkzzo_1401622820,30,man,melo,2,2,6,1_1_2_1,As,met,nat,zoom1,30,0,0,0,0,0,0,0,0,0,0,6,0,1,7,0,9,2
zjrnkzzo_1401622820,30,man,melo,2,2,7,2_2_2_2,Ca,conc,nat,zoom2,52,41,14,15,0,0,0,8,9,0,0,6,0,1,7,0,9,2
zjrnkzzo_1401622820,30,man,melo,2,2,8,3_1_2_2,He,met,nat,zoom2,44,8,13,14,0,0,0,0,10,0,0,6,0,1,7,0,9,2
zjrnkzzo_1401622820,30,man,melo,2,2,9,4_3_2_1,St,emph,nat,zoom1,57,54,11,11,0,0,0,9,12,16,0,6,0,1,7,0,9,2
zjrnkzzo_1401622820,30,man,melo,2,2,10,2_1_1_1,Ca,met,abs,zoom1,17,10,4,4,0,0,0,0,0,0,0,6,0,1,7,0,9,2
zjrnkzzo_1401622820,30,man,melo,2,2,11,4_1_1_1,St,met,abs,zoom1,12,32,4,4,0,0,0,0,4,4,0,6,0,1,7,0,9,2
zjrnkzzo_1401622820,30,man,melo,2,2,12,1_2_2_1,As,conc,nat,zoom1,24,36,4,5,0,0,0,0,5,5,0,6,0,1,7,0,9,2
zjrnkzzo_1401622820,30,man,melo,2,2,13,1_3_1_1,As,emph,abs,zoom1,46,35,6,6,0,0,0,3,4,3,0,6,0,1,7,0,9,2
zjrnkzzo_1401622820,30,man,melo,2,2,14,4_3_1_1,St,emph,abs,zoom1,41,40,2,3,0,0,0,0,2,3,0,6,0,1,7,0,9,2
zjrnkzzo_1401622820,30,man,melo,2,2,15,1_1_1_1,As,met,abs,zoom1,11,6,0,0,0,0,0,0,0,0,2,6,0,1,7,0,9,2
zjrnkzzo_1401622820,30,man,melo,2,2,16,1_3_2_1,As,emph,nat,zoom1,23,44,3,14,0,0,0,3,4,22,0,6,0,1,7,0,9,2
zjrnkzzo_1401622820,30,man,melo,2,2,17,3_2_2_2,He,conc,nat,zoom2,34,3,0,0,0,0,0,0,0,0,0,6,0,1,7,0,9,2
zjrnkzzo_1401622820,30,man,melo,2,2,18,2_3_2_1,Ca,emph,nat,zoom1,42,0,0,4,0,0,0,0,0,0,0,6,0,1,7,0,9,2
zjrnkzzo_1401622820,30,man,melo,2,2,19,3_3_2_1,He,emph,nat,zoom1,39,0,10,11,0,0,0,0,7,0,0,6,0,1,7,0,9,2
zjrnkzzo_1401622820,30,man,melo,2,2,20,4_1_2_1,St,met,nat,zoom1,18,0,5,6,0,0,0,0,0,0,0,6,0,1,7,0,9,2
zjrnkzzo_1401622820,30,man,melo,2,2,21,3_2_1_2,He,conc,abs,zoom2,38,20,3,3,0,0,0,0,0,0,0,6,0,1,7,0,9,2
zjrnkzzo_1401622820,30,man,melo,2,2,22,1_2_1_1,As,conc,abs,zoom1,13,8,0,3,0,0,0,0,0,0,0,6,0,1,7,0,9,2
zjrnkzzo_1401622820,30,man,melo,2,2,23,3_1_1_1,He,met,abs,zoom1,8,5,0,0,0,0,0,0,0,0,0,6,0,1,7,0,9,2
zjrnkzzo_1401622820,30,man,melo,2,2,24,3_3_1_2,He,emph,abs,zoom2,31,24,0,0,0,0,0,0,9,0,0,6,0,1,7,0,9,2
ztbaitmr_1401355710,22,woman,melo,2,1,1,2_1_2_1,Ca,met,nat,zoom1,31,31,86,74,8,8,4,16,23,7,1,3,0,1,1,0,3,5
ztbaitmr_1401355710,22,woman,melo,2,1,2,2_3_1_1,Ca,emph,abs,zoom1,44,61,57,38,4,22,32,2,5,4,0,3,0,1,1,0,3,5
ztbaitmr_1401355710,22,woman,melo,2,1,3,2_2_1_1,Ca,conc,abs,zoom1,28,22,82,85,0,8,16,0,6,0,0,3,0,1,1,0,3,5
ztbaitmr_1401355710,22,woman,melo,2,1,4,4_2_2_1,St,conc,nat,zoom1,53,63,77,92,0,26,30,0,8,0,0,3,0,1,1,0,3,5
ztbaitmr_1401355710,22,woman,melo,2,1,5,4_2_1_1,St,conc,abs,zoom1,60,64,30,17,3,0,25,4,15,26,0,3,0,1,1,0,3,5
ztbaitmr_1401355710,22,woman,melo,2,1,6,1_1_2_1,As,met,nat,zoom1,69,60,26,30,4,0,18,0,10,0,0,3,0,1,1,0,3,5
ztbaitmr_1401355710,22,woman,melo,2,1,7,2_2_2_2,Ca,conc,nat,zoom2,71,83,66,56,0,21,38,0,0,0,0,3,0,1,1,0,3,5
ztbaitmr_1401355710,22,woman,melo,2,1,8,3_1_2_2,He,met,nat,zoom2,63,69,36,65,15,11,31,10,0,36,0,3,0,1,1,0,3,5
ztbaitmr_1401355710,22,woman,melo,2,1,9,4_3_2_1,St,emph,nat,zoom1,34,28,21,6,0,4,3,2,16,0,0,3,0,1,1,0,3,5
ztbaitmr_1401355710,22,woman,melo,2,1,10,2_1_1_1,Ca,met,abs,zoom1,25,12,13,3,0,4,2,0,0,0,0,3,0,1,1,0,3,5
ztbaitmr_1401355710,22,woman,melo,2,1,12,1_2_2_1,As,conc,nat,zoom1,52,78,59,47,0,14,13,3,35,9,0,3,0,1,1,0,3,5
ztbaitmr_1401355710,22,woman,melo,2,1,13,1_3_1_1,As,emph,abs,zoom1,57,58,21,29,7,35,43,4,17,0,11,3,0,1,1,0,3,5
ztbaitmr_1401355710,22,woman,melo,2,1,14,4_3_1_1,St,emph,abs,zoom1,35,27,26,33,0,0,9,0,4,0,0,3,0,1,1,0,3,5
ztbaitmr_1401355710,22,woman,melo,2,1,15,1_1_1_1,As,met,abs,zoom1,41,20,14,17,0,6,0,0,9,0,0,3,0,1,1,0,3,5
ztbaitmr_1401355710,22,woman,melo,2,1,16,1_3_2_1,As,emph,nat,zoom1,57,65,42,36,0,11,22,0,9,11,0,3,0,1,1,0,3,5
ztbaitmr_1401355710,22,woman,melo,2,1,17,3_2_2_2,He,conc,nat,zoom2,62,79,42,45,2,21,13,0,43,30,0,3,0,1,1,0,3,5
ztbaitmr_1401355710,22,woman,melo,2,1,18,2_3_2_1,Ca,emph,nat,zoom1,79,92,33,36,26,18,0,27,34,38,0,3,0,1,1,0,3,5
ztbaitmr_1401355710,22,woman,melo,2,1,19,3_3_2_1,He,emph,nat,zoom1,74,80,35,26,47,36,4,22,33,30,6,3,0,1,1,0,3,5
ztbaitmr_1401355710,22,woman,melo,2,1,20,4_1_2_1,St,met,nat,zoom1,41,31,37,29,0,5,6,0,7,0,0,3,0,1,1,0,3,5
ztbaitmr_1401355710,22,woman,melo,2,1,21,3_2_1_2,He,conc,abs,zoom2,50,43,56,38,0,5,6,0,6,0,9,3,0,1,1,0,3,5
ztbaitmr_1401355710,22,woman,melo,2,1,22,1_2_1_1,As,conc,abs,zoom1,36,22,27,18,0,2,19,0,0,0,0,3,0,1,1,0,3,5
ztbaitmr_1401355710,22,woman,melo,2,1,23,3_1_1_1,He,met,abs,zoom1,36,14,15,15,0,3,7,0,0,0,6,3,0,1,1,0,3,5
ztbaitmr_1401355710,22,woman,melo,2,1,24,3_3_1_2,He,emph,abs,zoom2,74,95,66,58,22,12,21,21,8,24,0,3,0,1,1,0,3,5
